encuesta,clave,valor,nota
ageb,agebs_2010_con_geometria,2432.0000,AGEB urbanas 2010 con polígono y dato
ageb,cdmx_p3ym_hli_2010,1.4707,"% P3YM_HLI sobre su universo, suma de AGEB urbanas 2010"
ageb,cdmx_p3ym_hli_2010_cobertura,98.2942,"% del total oficial de P3YM_HLI que suman las AGEB con cifra publicada, 2010"
ageb,cdmx_p3ym_hli_2010_oficial,1.4854,fila de total de la entidad del tabulado 2010
ageb,cdmx_phog_ind,3.0755,"% de población en hogares indígenas, suma de AGEB urbanas"
ageb,cdmx_phog_ind_2010,3.0268,"% PHOG_IND sobre su universo, suma de AGEB urbanas 2010"
ageb,cdmx_phog_ind_2010_cobertura,98.0450,"% del total oficial de PHOG_IND que suman las AGEB con cifra publicada, 2010"
ageb,cdmx_phog_ind_2010_oficial,3.0670,fila de total de la entidad del tabulado 2010
ageb,cdmx_phog_ind_oficial,3.1394,fila de total de la entidad del tabulado
ageb,cdmx_viv_internet,75.9751,"% de viviendas con internet, suma de AGEB urbanas"
ageb,cdmx_viv_internet_oficial,75.7278,fila de total de la entidad del tabulado
ageb,pob_igual_conapo,100.0000,% de AGEB con población idéntica a la de CONAPO
ageb,pob_igual_coneval,100.0000,% de AGEB con población idéntica a la de CONEVAL
ageb,sin_internet_dentro_medio_punto,97.6190,% de AGEB donde viviendas sin internet difiere de CONEVAL en 0.5 pp o menos
ageb,viv_igual_coneval,99.4606,% de AGEB con el mismo total de viviendas con características que CONEVAL
censo,pob_autoads_6mas,19.4962,% de personas de 6 años o más que se consideran indígenas
censo,pob_hli_6mas,6.3915,% de personas de 6 años o más que hablan lengua indígena
censo,viv_celular,88.1479,"% de viviendas particulares habitadas, muestra ampliada"
censo,viv_computadora,38.4009,"% de viviendas particulares habitadas, muestra ampliada"
censo,viv_internet,53.9161,"% de viviendas particulares habitadas, muestra ampliada"
censo,viv_radio,69.2559,"% de viviendas particulares habitadas, muestra ampliada"
censo,viv_streaming,19.2060,"% de viviendas particulares habitadas, muestra ampliada"
censo,viv_telefono,37.6924,"% de viviendas particulares habitadas, muestra ampliada"
censo,viv_televisor,91.3229,"% de viviendas particulares habitadas, muestra ampliada"
censo,viv_tv_paga,43.4936,"% de viviendas particulares habitadas, muestra ampliada"
censo,viv_videojuegos,11.7233,"% de viviendas particulares habitadas, muestra ampliada"
endutih,escucha_radio_6mas,29.7605,% de personas de 6 años o más que escucharon la radio en la última semana
endutih,net_habla_lengua,4.6803,% de las personas usuarias de internet que hablan lengua indígena
endutih,net_se_considera,26.6132,% de las personas usuarias de internet que se consideran indígenas
endutih,usa_celular_6mas,84.6451,% de personas de 6 años o más que usan celular
endutih,usa_computadora_6mas,38.1445,% de personas de 6 años o más que usan computadora
endutih,usa_internet_6mas,86.0526,% de personas de 6 años o más que usan internet
enigh,hog_celular_2020,90.1202,"% de hogares (con al menos una persona de 6+), ponderado con el factor"
enigh,hog_celular_2022,92.3126,"% de hogares (con al menos una persona de 6+), ponderado con el factor"
enigh,hog_celular_2024,94.7941,"% de hogares (con al menos una persona de 6+), ponderado con el factor"
enigh,hog_internet_2020,53.6202,"% de hogares (con al menos una persona de 6+), ponderado con el factor"
enigh,hog_internet_2022,60.5949,"% de hogares (con al menos una persona de 6+), ponderado con el factor"
enigh,hog_internet_2024,70.4706,"% de hogares (con al menos una persona de 6+), ponderado con el factor"
enigh,hog_tv_paga_2020,42.7164,"% de hogares (con al menos una persona de 6+), ponderado con el factor"
enigh,hog_tv_paga_2022,41.8340,"% de hogares (con al menos una persona de 6+), ponderado con el factor"
enigh,hog_tv_paga_2024,37.4134,"% de hogares (con al menos una persona de 6+), ponderado con el factor"
enigh,pers_internet_2020,57.0131,% de personas de 6+ en hogares con internet
enigh,pers_internet_2022,63.9506,% de personas de 6+ en hogares con internet
enigh,pers_internet_2024,73.5993,% de personas de 6+ en hogares con internet
inpi,autoads_mun_dentro_ic_2020,68.2095,% de municipios cuya autoadscripción propia cae dentro del intervalo de 90 % del INPI
inpi,autoads_mun_mediana_dif_2020,0.0259,mediana de la diferencia (puntos) entre la autoadscripción municipal propia y la del INPI
inpi,municipios_40_2020,614.0000,"municipios con 40 % y más de población indígena, tipología INPI 2020"
inpi,pct_pi_cdmx_2020,3.2890,"% de población indígena según el INPI en la CDMX, 2020"
inpi,pct_pi_nacional_2020,9.5065,"% de población indígena según el INPI en el país, 2020"
lenguas,hli_nacidos_fuera_1990,83.8290,% de hablantes de la CDMX nacidos fuera de la ciudad
lenguas,hli_nacidos_fuera_2000,76.3610,% de hablantes de la CDMX nacidos fuera de la ciudad
lenguas,hli_nacidos_fuera_2010,86.6707,% de hablantes de la CDMX nacidos fuera de la ciudad
lenguas,hli_nacidos_fuera_2015,83.7138,% de hablantes de la CDMX nacidos fuera de la ciudad
lenguas,hli_nacidos_fuera_2020,82.2800,% de hablantes de la CDMX nacidos fuera de la ciudad
lenguas,hli_nacidos_fuera_2025,83.4573,% de hablantes de la CDMX nacidos fuera de la ciudad
lenguas,n_lenguas_2015,38.0000,"agrupaciones lingüísticas con hablantes en la CDMX, EIC 2015"
lenguas,n_lenguas_nacional_2020,70.0000,agrupaciones lingüísticas con hablantes en la muestra nacional 2020
lenguas,nacional_0211_2020,1674969.0000,"hablantes de Náhuatl en el país, muestra del Censo 2020"
lenguas,nacional_0513_2020,500102.0000,"hablantes de Zapoteco en el país, muestra del Censo 2020"
lenguas,nacional_0516_2020,518176.0000,"hablantes de Mixteco en el país, muestra del Censo 2020"
lenguas,nacional_0602_2020,800533.0000,"hablantes de Maya en el país, muestra del Censo 2020"
lenguas,nacional_0606_2020,672586.0000,"hablantes de Tseltal en el país, muestra del Censo 2020"
lenguas,nacional_0607_2020,558484.0000,"hablantes de Tsotsil en el país, muestra del Censo 2020"
lenguas,nahuatl_1990,24900.0000,"hablantes de náhuatl en la CDMX, muestra 1990"
lenguas,nahuatl_2000,42044.0000,"hablantes de náhuatl en la CDMX, muestra 2000"
lenguas,nahuatl_2005,32440.0000,"hablantes de náhuatl en la CDMX, muestra 2005"
lenguas,nahuatl_2010,45300.0000,"hablantes de náhuatl en la CDMX, muestra 2010"
lenguas,nahuatl_2015,38549.0000,"hablantes de náhuatl en la CDMX, muestra 2015"
lenguas,nahuatl_2020,38338.0000,"hablantes de náhuatl en la CDMX, muestra 2020"
lenguas,nahuatl_2025,38303.0000,"hablantes de náhuatl en la CDMX, muestra 2025"
manzana,manzanas_2010_con_geometria,63239.0000,manzanas 2010 con polígono y dato
nacional,desv_muestra_hli_cdmx_2020,13.6217,"% de desviación de la muestra frente al ITER, hablantes 3+, CDMX"
nacional,desv_muestra_hli_nacional_2020,2.1434,"% de desviación de la muestra frente al ITER, hablantes 3+, país"
nacional,hablantes3_nacional_2020,7364645.0000,"hablantes de 3 años y más en el país, ITER 2020"
nacional,hablantes3_nacional_2020_muestra,7522496.0000,"hablantes de 3 años y más en el país, muestra del Censo 2020"
nacional,pct_autoads_nacional_2020,19.4072,"% de población de 3 años y más que se considera indígena en el país, muestra del Censo 2020"
riesgo,variantes_alto,43.0000,"variantes en alto riesgo, INALI 2012"
riesgo,variantes_mediano,72.0000,"variantes en mediano riesgo, INALI 2012"
riesgo,variantes_muy_alto,64.0000,"variantes en muy alto riesgo, INALI 2012"
riesgo,variantes_no_inmediato,185.0000,"variantes en no inmediato riesgo, INALI 2012"
serie,ambas_2000,40575.0000,personas que hablan lengua indígena y además se consideran indígenas
serie,ambas_2010,109047.0000,personas que hablan lengua indígena y además se consideran indígenas
serie,ambas_2015,78523.0000,personas que hablan lengua indígena y además se consideran indígenas
serie,ambas_2020,115263.0000,personas que hablan lengua indígena y además se consideran indígenas
serie,ambas_2025,92967.0000,personas que hablan lengua indígena y además se consideran indígenas
serie,cdmx_autoads_2000,0.8767,"% de autoads en la CDMX, 2000"
serie,cdmx_autoads_2000_n,68426.0000,"personas (autoads) en la CDMX, 2000"
serie,cdmx_autoads_2010,5.2044,"% de autoads en la CDMX, 2010"
serie,cdmx_autoads_2010_n,438855.0000,"personas (autoads) en la CDMX, 2010"
serie,cdmx_autoads_2015,8.7973,"% de autoads en la CDMX, 2015"
serie,cdmx_autoads_2015_n,784605.0000,"personas (autoads) en la CDMX, 2015"
serie,cdmx_autoads_2020,9.0109,"% de autoads en la CDMX, 2020"
serie,cdmx_autoads_2020_n,825348.0000,"personas (autoads) en la CDMX, 2020"
serie,cdmx_autoads_2025,6.7600,"% de autoads en la CDMX, 2025"
serie,cdmx_autoads_2025_n,619609.3600,"personas (autoads) en la CDMX, 2025"
serie,cdmx_hli3_2010,1.4854,"% de hablantes3 en la CDMX, 2010"
serie,cdmx_hli3_2010_n,123224.0000,"personas (hablantes3) en la CDMX, 2010"
serie,cdmx_hli3_2015,1.5118,"% de hablantes3 en la CDMX, 2015"
serie,cdmx_hli3_2015_n,129355.0000,"personas (hablantes3) en la CDMX, 2015"
serie,cdmx_hli3_2020,1.4010,"% de hablantes3 en la CDMX, 2020"
serie,cdmx_hli3_2020_n,125153.0000,"personas (hablantes3) en la CDMX, 2020"
serie,cdmx_hli3_2025,1.4000,"% de hablantes3 en la CDMX, 2025"
serie,cdmx_hli3_2025_n,125550.8200,"personas (hablantes3) en la CDMX, 2025"
serie,cdmx_hli5_1990,1.4563,"% de hablantes5 en la CDMX, 1990"
serie,cdmx_hli5_1990_n,107647.0000,"personas (hablantes5) en la CDMX, 1990"
serie,cdmx_hli5_1995,1.3120,"% de hablantes5 en la CDMX, 1995"
serie,cdmx_hli5_1995_n,100890.0000,"personas (hablantes5) en la CDMX, 1995"
serie,cdmx_hli5_2000,1.8313,"% de hablantes5 en la CDMX, 2000"
serie,cdmx_hli5_2000_n,141710.0000,"personas (hablantes5) en la CDMX, 2000"
serie,cdmx_hli5_2005,1.5192,"% de hablantes5 en la CDMX, 2005"
serie,cdmx_hli5_2005_n,118424.0000,"personas (hablantes5) en la CDMX, 2005"
serie,cdmx_hli5_2010,1.5235,"% de hablantes5 en la CDMX, 2010"
serie,cdmx_hli5_2010_n,122411.0000,"personas (hablantes5) en la CDMX, 2010"
serie,cdmx_hli5_2020,1.4281,"% de hablantes5 en la CDMX, 2020"
serie,cdmx_hli5_2020_n,124540.0000,"personas (hablantes5) en la CDMX, 2020"
serie,cdmx_phog_2005,2.8347,"% de hogares en la CDMX, 2005"
serie,cdmx_phog_2005_n,247208.0000,"personas (hogares) en la CDMX, 2005"
serie,cdmx_phog_2010,3.0670,"% de hogares en la CDMX, 2010"
serie,cdmx_phog_2010_n,271463.0000,"personas (hogares) en la CDMX, 2010"
serie,cdmx_phog_2020,3.1394,"% de hogares en la CDMX, 2020"
serie,cdmx_phog_2020_n,289139.0000,"personas (hogares) en la CDMX, 2020"
serie,cdmx_phog_2025,3.0872,"% de hogares en la CDMX, 2025"
serie,cdmx_phog_2025_n,282966.0000,"personas (hogares) en la CDMX, 2025"
serie,eic2025_alcaldias_iguales,16.0000,alcaldías cuyo % de hablantes 2025 coincide con el tabulado 105
serie,iztapalapa_parte_2015,24.2240,"% de los hablantes de la CDMX que viven en Iztapalapa, 2015"
serie,sepi_monolingues_alcaldia_iguales,4.0000,alcaldías de la tabla 1 de la SEPI (monolingües 2020) que reproduce la serie
serie,union_2000,196107.0000,personas que hablan lengua indígena o se consideran indígenas (una sola vez)
serie,union_2010,474099.0000,personas que hablan lengua indígena o se consideran indígenas (una sola vez)
serie,union_2015,835437.0000,personas que hablan lengua indígena o se consideran indígenas (una sola vez)
serie,union_2020,852286.0000,personas que hablan lengua indígena o se consideran indígenas (una sola vez)
serie,union_2025,652398.0000,personas que hablan lengua indígena o se consideran indígenas (una sola vez)
serie,word_tabla2_celdas_iguales,32.0000,"celdas de la tabla 2 del documento de la Secretaría de Cultura (16 alcaldías x sexo, 2015) que reproduce la serie"
variantes,ciudad_estimada_2025,83034.4000,"hablantes de la ciudad con variante estimada, edición 2025"
variantes,ciudad_exacta_2025,5464.0000,"hablantes de la ciudad con variante exacta, edición 2025"
variantes,ciudad_sin_2025,25395.0000,"hablantes de la ciudad con variante sin, edición 2025"
variantes,ciudad_unica_2025,11896.0000,"hablantes de la ciudad con variante unica, edición 2025"
variantes,hli_ampliado_nacional_2020,7522745.0000,"hablantes de 3+ ponderados del cuestionario ampliado 2020, nacional"
variantes,inali2000_misma_variante_mayor,77.1429,% de lenguas con varias variantes cuya variante mayor coincide con la del INALI 2000
variantes,inali2000_top5,93.7143,% medio de coincidencia entre las cinco variantes mayores del INALI 2000 y las de aquí
variantes,nahuatl_variante_mayor_pct,17.3132,"% de hablantes de náhuatl en los municipios de la variante mayor (mexicano de la Huasteca hidalguense), ampliado 2020"
variantes,referencias_sin_clave,61.0000,referencias entidad:municipio del Catálogo que no casaron con el marco 2020
