familia,agrupacion,variante,autodenominacion,entidades,municipios,n_localidades
álgica,Kickapoo,Kickapoo,Kickapoo,COAHUILA DE ZARAGOZA,COAHUILA DE ZARAGOZA: Múzquiz,2
yuto-nahua,cora,cora de Rosarito,rosaríìtu,NAYARIT,NAYARIT: Rosamorada,1
yuto-nahua,cora,cora de Dolores,wachí hapwa,NAYARIT,NAYARIT: Del | NAYARIT: Nayar [El Nayar],1
yuto-nahua,cora,cora meseño,yaúhke'ena,NAYARIT,NAYARIT: Del Nayar [El Nayar],149
yuto-nahua,cora,cora de Jesús María,chwísita'na,NAYARIT,NAYARIT: Del Nayar [El Nayar],2
yuto-nahua,cora,cora francisqueño,kwáaxa'ata,NAYARIT,NAYARIT: Del | NAYARIT: Nayar [El Nayar],1
yuto-nahua,cora,cora tereseño,kwéimarusa'na,DURANGO | NAYARIT,DURANGO: Mezquital | NAYARIT: Acaponeta | NAYARIT: Del Nayar [El Nayar],138
yuto-nahua,cora,cora presideño,múxata'ana,NAYARIT,NAYARIT: Ruíz,49
yuto-nahua,cora,cora corapeño,kuráàpa,NAYARIT,NAYARIT: Rosamorada,44
yuto-nahua,guarijío,guarijío del norte,warihó,CHIHUAHUA,CHIHUAHUA: Chínipas | CHIHUAHUA: Moris | CHIHUAHUA: Uruachi,73
yuto-nahua,guarijío,guarijío del sur,makurawe,SONORA,SONORA: Álamos | SONORA: Quiriego,22
yuto-nahua,huichol,huichol del norte,wixárika (del norte),NAYARIT | DURANGO,NAYARIT: Del Nayar [El Nayar] | NAYARIT: La Yesca | NAYARIT: Rosamorada | NAYARIT: Ruíz | NAYARIT: San Blas | NAYARIT: Santiago Ixcuintla | DURANGO: Mezquital,321
yuto-nahua,huichol,huichol del sur,wixárika (del sur),JALISCO,JALISCO: Bolaños | JALISCO: San Martín de Bolaños | JALISCO: Villa Guerrero,92
yuto-nahua,huichol,huichol del este,wixárika (del este),JALISCO,JALISCO: Mezquitic,269
yuto-nahua,huichol,huichol del oeste,wixárika (del oeste),JALISCO,JALISCO: Huejuquilla el Alto,4
yuto-nahua,mayo,mayo,yorem-nokki,SONORA | SINALOA,SONORA: Álamos | SONORA: Benito Juárez | SONORA: Cajeme | SONORA: Etchojoa | SONORA: Huatabampo | SONORA: Navojoa | SONORA: San Ignacio Río Muerto | SINALOA: Ahome | SINALOA: Angostura | SINALOA: Choix | SINALOA: El Fuerte | SINALOA: Guasave,873
yuto-nahua,náhuatl,"náhuatl de la Sierra, noreste de Puebla",mexicano tlajtol | nauta,PUEBLA,PUEBLA: Atempan | PUEBLA: Ayotoxco de Guerrero | PUEBLA: Cuautempan | PUEBLA: Cuetzalan del Progreso | PUEBLA: Chignautla | PUEBLA: Hueyapan | PUEBLA: Hueytamalco | PUEBLA: Huitzilán de Serdán | PUEBLA: Ixtacamaxtitlán | PUEBLA: Jonotla | PUEBLA: Nauzontla | PUEBLA: Tenampulco | PUEBLA: Tetela de Ocampo | PUEBLA: Teziutlán | PUEBLA: Tlatlauquitepec | PUEBLA: Tuzamapan de Galeana | PUEBLA: Xiutetelco | PUEBLA: Xochiapulco | PUEBLA: Xochitlán de Vicente Suárez | PUEBLA: Yaonáhuac | PUEBLA: Zacapoaxtla | PUEBLA: Zautla | PUEBLA: Zapotitlán de Méndez | PUEBLA: Zaragoza | PUEBLA: Zoquiapan,917
yuto-nahua,náhuatl,náhuatl del noroeste central,mexi'catl | mexicano (del noroeste central) | maseual tla'tol,HIDALGO | PUEBLA,HIDALGO: Acaxochitlán | PUEBLA: Chiconcuautla | PUEBLA: Honey | PUEBLA: Huauchinango | PUEBLA: Jopala | PUEBLA: Juan Galindo | PUEBLA: Naupan | PUEBLA: Pahuatlán | PUEBLA: Tlaola | PUEBLA: Tlapacoya | PUEBLA: Xicotepec | PUEBLA: Zihuateutla,400
yuto-nahua,náhuatl,náhuatl del Istmo,náhuatl (del Istmo),VERACRUZ DE IGNACIO DE LA LLAVE,VERACRUZ DE IGNACIO DE LA LLAVE: Cosoleacaque | VERACRUZ DE IGNACIO DE LA LLAVE: Mecayapan | VERACRUZ DE IGNACIO DE LA LLAVE: Pajapan | VERACRUZ DE IGNACIO DE LA LLAVE: Zaragoza,166
yuto-nahua,náhuatl,náhuatl de la Huasteca veracruzana,mexicano (de la Huasteca veracruzana) | náhuatl (de la Huasteca veracruzana) | mexcatl,VERACRUZ DE IGNACIO DE LA LLAVE,VERACRUZ DE IGNACIO DE LA LLAVE: Benito Juárez | VERACRUZ DE IGNACIO DE LA LLAVE: Castillo de Teayo | VERACRUZ DE IGNACIO DE LA LLAVE: Chalma | VERACRUZ DE IGNACIO DE LA LLAVE: Chiconamel | VERACRUZ DE IGNACIO DE LA LLAVE: Chicontepec | VERACRUZ DE IGNACIO DE LA LLAVE: Chontla | VERACRUZ DE IGNACIO DE LA LLAVE: Citlaltépetl | VERACRUZ DE IGNACIO DE LA LLAVE: Huayacocotla | VERACRUZ DE IGNACIO DE LA LLAVE: Ilamatlán | VERACRUZ DE IGNACIO DE LA LLAVE: Ixcatepec | VERACRUZ DE IGNACIO DE LA LLAVE: Ixhuatlán de Madero | VERACRUZ DE IGNACIO DE LA LLAVE: Pánuco | VERACRUZ DE IGNACIO DE LA LLAVE: Platón Sánchez | VERACRUZ DE IGNACIO DE LA LLAVE: Tamalín | VERACRUZ DE IGNACIO DE LA LLAVE: Tantima | VERACRUZ DE IGNACIO DE LA LLAVE: Tantoyuca | VERACRUZ DE IGNACIO DE LA LLAVE: Tepetzintla | VERACRUZ DE IGNACIO DE LA LLAVE: Texcatepec | VERACRUZ DE IGNACIO DE LA LLAVE: Tlachichilco | VERACRUZ DE IGNACIO DE LA LLAVE: Temapache | VERACRUZ DE IGNACIO DE LA LLAVE: Zontecomatlán de López y Fuentes,1523
yuto-nahua,náhuatl,náhuatl de la Huasteca potosina,náhuatl (de la Huasteca potosina) | mexicano (de la Huasteca potosina) | mexicatl (de la Huasteca potosina),SAN LUIS POTOSÍ,SAN LUIS POTOSÍ: Aquismón | SAN LUIS POTOSÍ: Axtla de Terrazas | SAN LUIS POTOSÍ: Ciudad Valles | SAN LUIS POTOSÍ: Coxcatlán | SAN LUIS POTOSÍ: Ébano | SAN LUIS POTOSÍ: Huehuetlán | SAN LUIS POTOSÍ: Matlapa | SAN LUIS POTOSÍ: San Martín Chalchicuahutla | SAN LUIS POTOSÍ: Tamazunchale | SAN LUIS POTOSÍ: Tampacán | SAN LUIS POTOSÍ: Tampamolón Corona | SAN LUIS POTOSÍ: Tamuín | SAN LUIS POTOSÍ: Tancanhuitz de Santos | SAN LUIS POTOSÍ: Tanquián de Escobedo | SAN LUIS POTOSÍ: Xilitla,1351
yuto-nahua,náhuatl,náhuatl de Oaxaca,mexicano (de Oaxaca),OAXACA,OAXACA: San Martín Toxpalan | OAXACA: San Miguel Amatitlán | OAXACA: Santa María Teopoxco | OAXACA: Santiago Texcalcingo | OAXACA: Teotitlán de Flores Magón,65
yuto-nahua,náhuatl,"náhuatl de la Sierra negra, sur","mexicano (de la Sierra negra, sur) | náhuatl (de la Sierra negra, sur)",PUEBLA,PUEBLA: Altepexi | PUEBLA: Coxcatlán | PUEBLA: San Gabriel Chilac | PUEBLA: San José Miahuatlán | PUEBLA: Zinacatepec,25
yuto-nahua,náhuatl,"náhuatl de la Sierra negra, norte","mexicano (de la Sierra negra, norte) | náhuatl (de la Sierra negra, norte) | mexicatl (de la Sierra negra, norte)",PUEBLA,PUEBLA: Ajalpan | PUEBLA: Astacinga | PUEBLA: Coxcatlán | PUEBLA: Coyomeapan | PUEBLA: Eloxochitlán | PUEBLA: Nicolás Bravo | PUEBLA: San Antonio Cañada | PUEBLA: San Sebastián Tlacotepec | PUEBLA: Santiago Miahuatlán | PUEBLA: Tehuacán | PUEBLA: Tehuipango | PUEBLA: Tlacotepec de Benito Juárez | PUEBLA: Vicente Guerrero | PUEBLA: Zoquitlán,479
yuto-nahua,náhuatl,náhuatl central de Veracruz,náhuatl (central de Veracruz) | mexicano (central de Veracruz),VERACRUZ DE IGNACIO DE LA LLAVE,VERACRUZ DE IGNACIO DE LA LLAVE: Acultzingo | VERACRUZ DE IGNACIO DE LA LLAVE: Atlahuilco | VERACRUZ DE IGNACIO DE LA LLAVE: Camerino Z. Mendoza | VERACRUZ DE IGNACIO DE LA LLAVE: Coetzala | VERACRUZ DE IGNACIO DE LA LLAVE: Ixhuatlancillo | VERACRUZ DE IGNACIO DE LA LLAVE: Ixtaczoquitlán | VERACRUZ DE IGNACIO DE LA LLAVE: Los Reyes | VERACRUZ DE IGNACIO DE LA LLAVE: Magdalena | VERACRUZ DE IGNACIO DE LA LLAVE: Mixtla de Altamirano | VERACRUZ DE IGNACIO DE LA LLAVE: Nogales | VERACRUZ DE IGNACIO DE LA LLAVE: Omealca | VERACRUZ DE IGNACIO DE LA LLAVE: Rafael Delgado | VERACRUZ DE IGNACIO DE LA LLAVE: San Andrés Tenejapan | VERACRUZ DE IGNACIO DE LA LLAVE: Soledad Atzompa | VERACRUZ DE IGNACIO DE LA LLAVE: Tequila | VERACRUZ DE IGNACIO DE LA LLAVE: Texhuacán | VERACRUZ DE IGNACIO DE LA LLAVE: Tezonapa | VERACRUZ DE IGNACIO DE LA LLAVE: Tlaquilpa | VERACRUZ DE IGNACIO DE LA LLAVE: Tlilapan | VERACRUZ DE IGNACIO DE LA LLAVE: Xoxocotla | VERACRUZ DE IGNACIO DE LA LLAVE: Zongolica,696
yuto-nahua,náhuatl,náhuatl de la Sierra oeste de Puebla,masehual tla'tol,PUEBLA,PUEBLA: Ahuacatlán | PUEBLA: Aquixtla | PUEBLA: Chignahuapan | PUEBLA: Tepetzintla | PUEBLA: Zacatlán,148
yuto-nahua,náhuatl,náhuatl alto del norte de Puebla,maseual tajtol | nahuat,PUEBLA,PUEBLA: Francisco Z. Mena | PUEBLA: Venustiano Carranza,66
yuto-nahua,náhuatl,náhuatl del Istmo bajo,náhuatl (del Istmo bajo) | mexicano (del Istmo bajo),VERACRUZ DE IGNACIO DE LA LLAVE,VERACRUZ DE IGNACIO DE LA LLAVE: Soteapan | VERACRUZ DE IGNACIO DE LA LLAVE: Tatahuicapan | VERACRUZ DE IGNACIO DE LA LLAVE: de Juárez,48
yuto-nahua,náhuatl,náhuatl del centro de Puebla,mexicano (del centro de Puebla),PUEBLA,PUEBLA: Acajete | PUEBLA: Acteopan | PUEBLA: Atlixco | PUEBLA: Atoyatempan | PUEBLA: Calpan | PUEBLA: Cohuecán | PUEBLA: Huaquechula | PUEBLA: Huatlatlahuca | PUEBLA: Huejotzingo | PUEBLA: Nealticán | PUEBLA: Ocoyucan | PUEBLA: Puebla | PUEBLA: San Andrés Cholula | PUEBLA: San Juan Atzompa | PUEBLA: Teopantlán | PUEBLA: Tepatlaxco de Hidalgo | PUEBLA: Tepeojuma | PUEBLA: Tianguismanalco | PUEBLA: Tlapanalá | PUEBLA: Tochimilco,374
yuto-nahua,náhuatl,mexicano bajo de occidente,mexicano (bajo de occidente),COLIMA,COLIMA: Armería | COLIMA: Cuauhtémoc | COLIMA: Ixtlahuacán | COLIMA: Manzanillo | COLIMA: Tecomán,52
yuto-nahua,náhuatl,mexicano del noroeste,mexicano (del noroeste),DURANGO,DURANGO: Mezquital,46
yuto-nahua,náhuatl,mexicano de Guerrero,mexicano (de Guerrero),GUERRERO | PUEBLA,GUERRERO: Ahuacuotzingo | GUERRERO: Alpoyeca | GUERRERO: Atenango del Río | GUERRERO: Atlixtac | GUERRERO: Copalillo | GUERRERO: Copanatoyac | GUERRERO: Cualac | GUERRERO: Cuetzalan del Progreso | GUERRERO: Chilapa de Álvarez | GUERRERO: Eduardo Neri | GUERRERO: Huamuxtitlán | GUERRERO: Huitzuco de los Figueroa | GUERRERO: Mártir de Cuilapan | GUERRERO: Olinala | GUERRERO: Taxco de Alarcón | GUERRERO: Teloloapan | GUERRERO: Tepecoacuilco de Trujano | GUERRERO: Tixtla de Guerrero | GUERRERO: Tlapa de Comonfort | GUERRERO: Xalpatlahuac | GUERRERO: Zapotitlán Tablas | GUERRERO: Zitlala | PUEBLA: Jolalpan,871
yuto-nahua,náhuatl,mexicano de occidente,mexicano (de occidente),JALISCO,JALISCO: Cuautitlán de García Barragán,22
yuto-nahua,náhuatl,mexicano central de occidente,mexicano (central de occidente),MICHOACÁN DE OCAMPO,MICHOACÁN DE OCAMPO: Aquila | MICHOACÁN DE OCAMPO: Chinicuila | MICHOACÁN DE OCAMPO: Coahuayana | MICHOACÁN DE OCAMPO: Coalcomán de Vázquez Pallares,131
yuto-nahua,náhuatl,mexicano central bajo,mexicano (central bajo),MORELOS,MORELOS: Ayala | MORELOS: Jojutla,47
yuto-nahua,náhuatl,mexicano de Temixco,mexicano (de Temixco),MORELOS,MORELOS: Puente de Ixtla | MORELOS: Temixco,30
yuto-nahua,náhuatl,mexicano de Puente de Ixtla,mexicano (de Puente de Ixtla),MORELOS,MORELOS: Cuautla,26
yuto-nahua,náhuatl,mexicano de Tetela del Volcán,mexicano (de Tetela del Volcán),MORELOS,MORELOS: Tetela del Volcán,14
yuto-nahua,náhuatl,mexicano alto de occidente,mexicano (alto de occidente),NAYARIT,NAYARIT: Acaponeta | NAYARIT: Del Nayar [El Nayar],27
yuto-nahua,náhuatl,mexicano del oriente,mexicano (del oriente),TABASCO,TABASCO: Cárdenas | TABASCO: Comalcalco,29
yuto-nahua,náhuatl,mexicano del oriente central,mexicano (del oriente central),TLAXCALA,TLAXCALA: Chiautempán | TLAXCALA: Contla de Juan Cuamatzi | TLAXCALA: Mazatecochco de José María Morelos | TLAXCALA: San Francisco Tetlanohcan | TLAXCALA: San Pablo del Monte | TLAXCALA: Santa Cruz Tlaxcala | TLAXCALA: Tenancingo | TLAXCALA: Teolocholco,65
yuto-nahua,náhuatl,mexicano del centro bajo,mexicano (del centro bajo),ESTADO DE MÉXICO,ESTADO DE MÉXICO: Temascaltepec,11
yuto-nahua,náhuatl,mexicano del centro alto,mexicano (del centro alto),DISTRITO FEDERAL | ESTADO DE MÉXICO,DISTRITO FEDERAL: Milpa Alta | ESTADO DE MÉXICO: Acolman | ESTADO DE MÉXICO: Coyotepec | ESTADO DE MÉXICO: Huehuetoca | ESTADO DE MÉXICO: Nextlalpan | ESTADO DE MÉXICO: Tecámac | ESTADO DE MÉXICO: Teoloyucan | ESTADO DE MÉXICO: Texcoco | ESTADO DE MÉXICO: Tezoyuca | ESTADO DE MÉXICO: Tultepec,115
yuto-nahua,náhuatl,mexicano del centro,mexicano (del centro),ESTADO DE MÉXICO,ESTADO DE MÉXICO: Nicolás Romero | ESTADO DE MÉXICO: Tianguistenco | ESTADO DE MÉXICO: Xalatlaco,58
yuto-nahua,náhuatl,mexicano del oriente de Puebla,mexicano (del oriente de Puebla),PUEBLA,PUEBLA: Chichiquila | PUEBLA: Chilchotla,76
yuto-nahua,náhuatl,mexicano de la Huasteca hidalguense,mexicano (de la Huasteca Hidalguense),HIDALGO,HIDALGO: Atlapexco | HIDALGO: Calnali | HIDALGO: Chapulhuacán | HIDALGO: Huautla | HIDALGO: Huazalingo | HIDALGO: Huejutla de Reyes | HIDALGO: Jaltocan | HIDALGO: Lolotla | HIDALGO: San Felipe Orizatlán | HIDALGO: Tepehuacán de Guerrero | HIDALGO: Tianguistengo | HIDALGO: Tlanchinol | HIDALGO: Xochiatipan | HIDALGO: Yahualica,866
yuto-nahua,pápago,pápago,tohono o'otham | tohono o'odham,SONORA,SONORA: Altar | SONORA: Caborca | SONORA: General Plutarco Elías Calles,20
yuto-nahua,pima,pima del norte,oob no'ok (del norte),CHIHUAHUA,CHIHUAHUA: Madera | CHIHUAHUA: Moris,32
yuto-nahua,pima,pima del sur,oob no'ok (del sur),CHIHUAHUA,CHIHUAHUA: Ocampo | CHIHUAHUA: Temósachi,34
yuto-nahua,pima,pima del este,obnók (del este),SONORA,SONORA: Yécora,23
yuto-nahua,tarahumara,tarahumara del oeste,rarómari raicha,CHIHUAHUA,CHIHUAHUA: Chínipas | CHIHUAHUA: Guazapares | CHIHUAHUA: Maguarichi | CHIHUAHUA: Urique | CHIHUAHUA: Uruachi,1047
yuto-nahua,tarahumara,tarahumara del norte,ralámuli raicha (del norte),CHIHUAHUA,CHIHUAHUA: Bocoyna | CHIHUAHUA: Carichi | CHIHUAHUA: Cuauhtémoc | CHIHUAHUA: Guerrero | CHIHUAHUA: Nonoava | CHIHUAHUA: San Francisco de Borja,680
yuto-nahua,tarahumara,tarahumara de Cumbres,ralámuli raicha (de Cumbres),CHIHUAHUA,CHIHUAHUA: Guachochi | CHIHUAHUA: Urique,2
yuto-nahua,tarahumara,tarahumara del centro,ralámuli raicha (del centro),CHIHUAHUA,CHIHUAHUA: Balleza | CHIHUAHUA: Batopilas | CHIHUAHUA: El Tule | CHIHUAHUA: Guachochi | CHIHUAHUA: Morelos,1549
yuto-nahua,tarahumara,tarahumara del sur,rarámari raicha,CHIHUAHUA,CHIHUAHUA: Guadalupe y Calvo,386
yuto-nahua,tepehuano del norte,tepehuano del norte,odami,CHIHUAHUA,CHIHUAHUA: Guadalupe y Calvo | CHIHUAHUA: Guachochi,342
yuto-nahua,tepehuano del sur,tepehuano del sur alto,au'dam,DURANGO | NAYARIT | SINALOA,DURANGO: Pueblo Nuevo | NAYARIT: Acaponeta | NAYARIT: Huajicori | SINALOA: Escuinapa,212
yuto-nahua,tepehuano del sur,tepehuano del sur bajo,o'dam (del sur bajo),DURANGO | ZACATECAS,DURANGO: Mezquital | DURANGO: Súchil | ZACATECAS: Valparaíso,525
yuto-nahua,tepehuano del sur,tepehuano del sur central,o'dam (del sur central),DURANGO,DURANGO: Mezquital,7
yuto-nahua,yaqui,yaqui,hiak-nooki,SONORA,SONORA: Bácum | SONORA: Cajeme | SONORA: Empalme | SONORA: Guaymas | SONORA: San Ignacio Río Muerto,177
cochimí-yumana,cucapá,cucapá,kuapá,BAJA CALIFORNIA | SONORA,BAJA CALIFORNIA: Mexicali | SONORA: San Luis Río Colorado,17
cochimí-yumana,kiliwa,kiliwa,ko'lew,BAJA CALIFORNIA,BAJA CALIFORNIA: Ensenada,10
cochimí-yumana,kumiai,kumiai,tipai,BAJA CALIFORNIA,BAJA CALIFORNIA: Ensenada | BAJA CALIFORNIA: Playas del Rosarito | BAJA CALIFORNIA: Tecate,34
cochimí-yumana,ku'ahl,ku'ahl,ku'ahl,BAJA CALIFORNIA,BAJA CALIFORNIA: Ensenada,4
cochimí-yumana,paipai,paipai,jaspuy pai,BAJA CALIFORNIA,BAJA CALIFORNIA: Ensenada,38
seri,seri,seri,cmiique iitom,SONORA,SONORA: Hermosillo | SONORA: Pitiquito,2
oto-mangue,amuzgo,amuzgo del norte,nomndaa | nta | ñondá,GUERRERO,GUERRERO: Tlacoachistlahuaca | GUERRERO: Xochistlahuaca,122
oto-mangue,amuzgo,amuzgo del sur,nundá',GUERRERO,GUERRERO: Azoyú | GUERRERO: Cuajinicuilapa | GUERRERO: Ometepec,167
oto-mangue,amuzgo,amuzgo bajo del este,ts'unuma | jñunnda,OAXACA,OAXACA: Santa María Ipalapa,8
oto-mangue,amuzgo,amuzgo alto del este,jnòⁿ' ndá tsjóoⁿ nuàⁿ | jñon'ndaa | ñonndaa,OAXACA,OAXACA: San Pedro Amuzgos,12
oto-mangue,cuicateco,cuicateco del centro,dbaku (del centro) | dibaku,OAXACA,OAXACA: Concepción Pápalo | OAXACA: San Andrés Teotilalpam | OAXACA: San Francisco Chapulapa | OAXACA: San Juan Bautista Cuicatlán | OAXACA: San Juan Tepeuxila | OAXACA: San Pedro Sochiapam | OAXACA: Santa María Pápalo | OAXACA: Santa María Tlalixtac | OAXACA: Santos Reyes Pápalo | OAXACA: Valerio Trujano,103
oto-mangue,cuicateco,cuicateco del norte,duaku | dubaku (del norte),OAXACA,OAXACA: San Andrés Teotilalpam | OAXACA: San Francisco Chapulapa | OAXACA: San Pedro Teutila | OAXACA: Santa María Tlalixtac,26
oto-mangue,cuicateco,cuicateco del oriente,dbaku (del oriente) | dubaku (del oriente),OAXACA,OAXACA: San Andrés Teotilalpam | OAXACA: San Francisco Chapulapa | OAXACA: San Pedro Teutila | OAXACA: Santa María Tlalixtac,34
oto-mangue,chatino,chatino occidental alto,cha' jna'a (occidental alto),OAXACA,OAXACA: San Jacinto Tlacotepec | OAXACA: Santa Cruz Zenzontepec | OAXACA: Santiago Ixtayutla,71
oto-mangue,chatino,chatino occidental bajo,cha' jna'a (occidental bajo),OAXACA,OAXACA: San Pedro Mixtepec Distrito 22 | OAXACA: Tataltepec de Valdés | OAXACA: Villa de Tututepec de Melchor Ocampo,79
oto-mangue,chatino,chatino central,cha' jna'a (central),OAXACA,OAXACA: San Juan Quiahije | OAXACA: San Miguel Panixtlahuaca | OAXACA: San Pedro Juchatengo | OAXACA: Santa Catarina Juquila | OAXACA: Santiago Tetepec | OAXACA: Santiago Yaitepec | OAXACA: Tataltepec de Valdés | OAXACA: Villa Sola de Vega,83
oto-mangue,chatino,chatino oriental bajo,cha' jna'a (oriental bajo),OAXACA,OAXACA: San Gabriel Mixtepec | OAXACA: Santa Catarina Juquila | OAXACA: Santa María Temaxcaltepec | OAXACA: Santos Reyes Nopala,77
oto-mangue,chatino,chatino oriental alto,cha' jna'a (oriental alto),OAXACA,OAXACA: San Gabriel Mixtepec | OAXACA: San Juan Lachao,31
oto-mangue,chatino,chatino de Zacatepec,cha' jna'a (de Zacatepec),OAXACA,OAXACA: Santa Catarina Juquila,1
oto-mangue,chichimeco jonaz,chichimeco jonaz,uzá,GUANAJUATO,GUANAJUATO: San Luis de la Paz,39
oto-mangue,chinanteco,chinanteco del norte,jujmi (del norte) | jujmi tsa kö 'w++ | jmiih kia' dzä 'vï ï,OAXACA | VERACRUZ DE IGNACIO DE LA LLAVE,OAXACA: San Felipe Jalapa de Díaz | OAXACA: San Felipe Usila | OAXACA: San José Chiltepec | OAXACA: San Juan Cotzocón | OAXACA: San Lucas Ojitlán | OAXACA: San Juan Bautista Tuxtepec | VERACRUZ DE IGNACIO DE LA LLAVE: Cosamaloapan | VERACRUZ DE IGNACIO DE LA LLAVE: Isla | VERACRUZ DE IGNACIO DE LA LLAVE: Juan Rodríguez Clara | VERACRUZ DE IGNACIO DE LA LLAVE: Tierra Blanca | VERACRUZ DE IGNACIO DE LA LLAVE: Tres Valles | VERACRUZ DE IGNACIO DE LA LLAVE: Uxpanapa,191
oto-mangue,chinanteco,chinanteco central bajo,j+g ki tsomän | j+g dsa k+ | jumi dsa iin+n,OAXACA,OAXACA: San Juan Bautista Valle Nacional,5
oto-mangue,chinanteco,chinanteco del sureste alto,jumi dsa mojai,OAXACA,OAXACA: Ayotzintepec,7
oto-mangue,chinanteco,chinanteco del sureste bajo,jujmi dsa maji'i | jujmi dsa m+ta'o,OAXACA,OAXACA: San Juan Lalana,57
oto-mangue,chinanteco,chinanteco del oeste central alto,jaú j | jmiih kia' dzä jii',OAXACA,OAXACA: San Felipe Usila,24
oto-mangue,chinanteco,chinanteco de la Sierra,juu jmiih,OAXACA,OAXACA: San Juan Bautista Atatlahuca | OAXACA: San Juan Bautista Valle Nacional | OAXACA: San Juan Quiotepec | OAXACA: San Pedro Yolox | OAXACA: Santiago Comaltepec,48
oto-mangue,chinanteco,chinanteco del noroeste,jau jmai,OAXACA,OAXACA: San Andrés Teotilalpam | OAXACA: San Juan Bautista Tlacoatzintepec,12
oto-mangue,chinanteco,chinanteco del oeste,jujma,OAXACA,OAXACA: San Pedro Sochiapám,6
oto-mangue,chinanteco,chianateco del oeste central bajo,jejmei | jejmi | jajmi dzä kï ï',OAXACA,OAXACA: San Felipe Usila,8
oto-mangue,chinanteco,chinanteco del sureste medio,jujmi (del sureste medio),OAXACA | VERACRUZ DE IGNACIO DE LA LLAVE,OAXACA: San Juan Petlapa | OAXACA: Santiago Choapam | OAXACA: Santiago Jocotepec | VERACRUZ DE IGNACIO DE LA LLAVE: Playa Vicente,86
oto-mangue,chinanteco,chinanteco central,jajme dzä mii | jmiih kia' dzä mii,OAXACA,OAXACA: Ayotzintepec | OAXACA: San Felipe Usila | OAXACA: San José Chiltepec | OAXACA: San Juan Bautista Valle Nacional | OAXACA: Santa María Jacatepec | OAXACA: Santiago Jocotepec,166
oto-mangue,chocholteco,chocholteco del oeste,ngiba (del oeste),OAXACA,OAXACA: Ocotlán | OAXACA: San Francisco Teopan | OAXACA: San Miguel Tequixtepec | OAXACA: San Miguel Tulancingo | OAXACA: San Pedro Nopala | OAXACA: Santa Magdalena Jicotlán | OAXACA: Teotongo,25
oto-mangue,chocholteco,chocholteco del sur,ngigua (del sur),OAXACA,OAXACA: San Miguel Huautla | OAXACA: Santa María Nativitas,11
oto-mangue,chocholteco,chocholteco del este,ngiba (del este),OAXACA,OAXACA: San Juan Bautista Coixtlahuaca | OAXACA: San Miguel Chicahua,6
oto-mangue,ixcateco,ixcateco,xwja,OAXACA,OAXACA: Santa María Ixcatlán,1
oto-mangue,matlatzinca,matlatzinca,bot'una,ESTADO DE MÉXICO,ESTADO DE MÉXICO: Temascaltepec,1
oto-mangue,mazahua,mazahua de oriente,jnatrjo,ESTADO DE MÉXICO | MICHOACÁN DE OCAMPO,ESTADO DE MÉXICO: Almoloya de Juárez | ESTADO DE MÉXICO: Atlacomulco | ESTADO DE MÉXICO: Donato Guerra | ESTADO DE MÉXICO: El Oro | ESTADO DE MÉXICO: Ixtapan del Oro | ESTADO DE MÉXICO: Ixtlahuaca | ESTADO DE MÉXICO: Jiquipilco | ESTADO DE MÉXICO: Jocotitlán | ESTADO DE MÉXICO: Morelos | ESTADO DE MÉXICO: San Felipe del Progreso | ESTADO DE MÉXICO: Valle de Bravo | ESTADO DE MÉXICO: Villa de Allende | ESTADO DE MÉXICO: Villa Victoria | MICHOACÁN DE OCAMPO: Angangueo | MICHOACÁN DE OCAMPO: Ocampo | MICHOACÁN DE OCAMPO: Susupuato | MICHOACÁN DE OCAMPO: Zitácuaro,441
oto-mangue,mazahua,mazahua de occidente,jnatjo,ESTADO DE MÉXICO | MICHOACÁN DE OCAMPO,ESTADO DE MÉXICO: Atlacomulco | ESTADO DE MÉXICO: Temascalcingo | ESTADO DE MÉXICO: Villa de Allende | ESTADO DE MÉXICO: Villa de Victoria | MICHOACÁN DE OCAMPO: Zitácuaro,94
oto-mangue,mazateco,mazateco del noreste,en naxijen,OAXACA,OAXACA: Acatlán de Pérez Figueroa | OAXACA: San Miguel Soyaltepec,110
oto-mangue,mazateco,mazateco de la presa bajo,en ningotsie,OAXACA,OAXACA: San Pedro Ixcatlán,24
oto-mangue,mazateco,mazateco del este bajo,ntaxj,OAXACA,OAXACA: San Felipe Jalapa de Díaz | OAXACA: San Pedro Teutila,47
oto-mangue,mazateco,mazateco del sur,nne nangui ngaxni,OAXACA,OAXACA: Chiquihuitlán de Benito Juárez,9
oto-mangue,mazateco,mazateco del sureste,enre naxinanda nguifi,OAXACA,OAXACA: San Bartolomé Ayautla,16
oto-mangue,mazateco,mazateco de Eloxochitlán,en ngixo,OAXACA,OAXACA: Eloxochitlán de Flores Magón,25
oto-mangue,mazateco,mazateco del centro,enna (del centro),OAXACA,OAXACA: Huautepec | OAXACA: Huautla de Jiménez | OAXACA: Santa María la Asunción,125
oto-mangue,mazateco,mazateco del suroeste,ienra naxinandana nnandia,OAXACA,OAXACA: Mazatlán Villa de Flores | OAXACA: San Juan de los Cues | OAXACA: Santa María Tecomavaca,110
oto-mangue,mazateco,mazateco de Huehuetlán,an ndexu,OAXACA,OAXACA: San Francisco Huehuetlán,5
oto-mangue,mazateco,mazateco de Tecóatl,enna (de Tecóatl),OAXACA,OAXACA: San Jerónimo Tecóatl,7
oto-mangue,mazateco,mazateco de la presa alto,enna (de la presa alto),OAXACA,OAXACA: San José Independencia | OAXACA: San José Tenango,146
oto-mangue,mazateco,mazateco del oeste,enna (del oeste),OAXACA,OAXACA: San Lucas Zoquiapam | OAXACA: San Martín Toxpalan,38
oto-mangue,mazateco,mazateco del norte,en naxo tota | en nda xo,OAXACA | VERACRUZ DE IGNACIO DE LA LLAVE,OAXACA: San Mateo Yoloxochitlán | OAXACA: Santa María Chilchotla | VERACRUZ DE IGNACIO DE LA LLAVE: Tezonapa,136
oto-mangue,mazateco,mazateco de Ocopetatillo,en ndaja,OAXACA,OAXACA: San Pedro Ocopetatillo,2
oto-mangue,mazateco,mazateco de Acatepec,en naxi llanazo,OAXACA,OAXACA: Santa Cruz Acatepec,4
oto-mangue,mazateco,mazateco de Puebla,An xo'boo,PUEBLA,PUEBLA: Coyomepan | PUEBLA: San Lorenzo Cuaunecuiltitla | PUEBLA: San Sebastián Tlacotepec | PUEBLA: Santa Ana Ateixtlahuaca,44
oto-mangue,mixteco,mixteco de Guerrero del noreste central,tu'un savi (de Guerrero del noreste central),GUERRERO,GUERRERO: Alcozáuca de Guerrero,24
oto-mangue,mixteco,mixteco de Atlamajalcingo,tu'un savi (de Atlamajalcingo),GUERRERO,GUERRERO: Atlamajalcingo del Monte,10
oto-mangue,mixteco,mixteco de Chochoapa,tu'un savi (de Chochoapa),GUERRERO,GUERRERO: Metlatónoc,1
oto-mangue,mixteco,mixteco de Coapanatoyac,tno'on sawi | tu'un savi (de Coapanatoyac),GUERRERO,GUERRERO: Copanatoyac,35
oto-mangue,mixteco,mixteco de Igualapa,tu'un Isasi (de Igualapa) | tu'un savi (de Igualapa),GUERRERO,GUERRERO: Igualapa,14
oto-mangue,mixteco,mixteco central de Guerrero,tno'on savi (central de Guerrero) | tu'un savi (central de Guerrero),GUERRERO,GUERRERO: Malinaltepec,18
oto-mangue,mixteco,mixteco de Guerrero del este medio,tu'un Isasi (de Guerrero del este medio) | tu'un isavi | tu'un savi (de Guerrero del este medio),GUERRERO,GUERRERO: Metlatónoc,154
oto-mangue,mixteco,mixteco de Tlacoachistlahuaca,tu'un savi (de Tlacoachistlahuaca),GUERRERO,GUERRERO: Tlacoachistlahuaca,39
oto-mangue,mixteco,mixteco de Tlalixtaquilla de Maldonado,tu'un savi de (Tlalixtaquilla de Maldonado),GUERRERO,GUERRERO: Tlalixtaquilla de Maldonado,8
oto-mangue,mixteco,mixteco de Guerrero del norte,tu'un savi (de Guerrero del norte),GUERRERO,GUERRERO: Alpoyeca | GUERRERO: Tlapa de Comonfort,44
oto-mangue,mixteco,mixteco de Guerrero del norte central,jnu'un sáb,GUERRERO,GUERRERO: Xalpatláhuac,11
oto-mangue,mixteco,mixteco de Xochistlahuaca,tu'un savi (de Xochistlahuaca),GUERRERO,GUERRERO: Xochistlahuaca,18
oto-mangue,mixteco,mixteco de Tlahuapa,tu'un savi (de Tlahuapa),GUERRERO,GUERRERO: Alcozáuca de Guerrero,1
oto-mangue,mixteco,mixteco de Guerrero central alto,tn'on sáv,GUERRERO,GUERRERO: Malinaltepec | GUERRERO: Xalpatláhuac,16
oto-mangue,mixteco,mixteco de Xochapa,tu'un savi (de Xochapa),GUERRERO,GUERRERO: Alcozáuca de Guerrero,1
oto-mangue,mixteco,mixteco de Zoyatlán de Juárez,tu'un savi (de Zoyatlán de Juárez),GUERRERO,GUERRERO: Alcozáuza de Guerrero,1
oto-mangue,mixteco,mixteco de Xonacatlán,tu'un savi (de Xonacatlán),GUERRERO,GUERRERO: Alcozáuca de Guerrero,1
oto-mangue,mixteco,mixteco de Ayutla,tu'un savi (de Ayutla),GUERRERO,GUERRERO: Ayutla de los Libres,82
oto-mangue,mixteco,mixteco de San Luis Acatlán,tu'un savi (de San Luis Acatlán),GUERRERO,GUERRERO: San Luis Acatlán,54
oto-mangue,mixteco,mixteco de Guerrero de la costa este,tu'un savi (de Guerrero de la costa este),GUERRERO,GUERRERO: Azoyú | GUERRERO: Cuajinicuilapa | GUERRERO: Ometepec,123
oto-mangue,mixteco,mixteco de Guerrero de la costa occidental,tu'un savi (de Guerrero de la costa occidental),GUERRERO,GUERRERO: Juan R. Escudero | GUERRERO: San Marcos | GUERRERO: Tecoanapa,55
oto-mangue,mixteco,mixteco de Guerrero de la costa central,tu'un savi (de Guerrero de la costa central),GUERRERO,GUERRERO: Copala | GUERRERO: Cuautepec | GUERRERO: Florencio Villareal,26
oto-mangue,mixteco,mixteco de Villa de Tututepec,tu'un savi (de Villa de Tututepec),OAXACA,OAXACA: Villa de Tututepec de Melchor Ocampo,48
oto-mangue,mixteco,mixteco de Santa María Huazolotitlán,to'on savi (de Santa María Huazolotitlán),OAXACA,OAXACA: Santa María Huazolotitlán,14
oto-mangue,mixteco,mixteco de Ixtayutla,tu'un savi (de Ixtayutla),OAXACA,OAXACA: Santiago Ixtayutla,26
oto-mangue,mixteco,mixteco de Oaxaca de la costa central,tu'un savi (de Oaxaca de la costa central),OAXACA,OAXACA: San Agustín Chayuco | OAXACA: San Andrés Huaxpaltepec | OAXACA: San Lorenzo | OAXACA: San Miguel Tlacamama | OAXACA: San Pedro Jicayán | OAXACA: Santa Catarina Mechoacán | OAXACA: Santiago Tetepec,73
oto-mangue,mixteco,mixteco de Oaxaca de la costa noroeste,tu'un savi (de Oaxaca de la costa noroeste),OAXACA,OAXACA: San Juan Colorado | OAXACA: San Sebastián Ixcapa,14
oto-mangue,mixteco,mixteco de Oaxaca de costa central baja,tu'un savi (de Oaxaca de costa central baja),OAXACA,OAXACA: San Pedro Atoyac | OAXACA: Santiago Jamiltepec,41
oto-mangue,mixteco,mixteco de Sierra sur oeste,tu'un va'a,OAXACA,OAXACA: San Juan Cacahuatepec | OAXACA: Santa María Zacatepec,24
oto-mangue,mixteco,mixteco de Santiago Amoltepec,tnu'u ñuu savi,OAXACA,OAXACA: Santiago Amoltepec,42
oto-mangue,mixteco,mixteco de Santa Cruz Itundujia,tu'un savi (de Santa Cruz Itundujia),OAXACA,OAXACA: Santa Cruz Itundujia,75
oto-mangue,mixteco,mixteco de Yosondúa,sa'an sau (de Yosondúa),OAXACA,OAXACA: Santiago Yosondúa,27
oto-mangue,mixteco,mixteco de Santa Lucía Monteverde,sasau,OAXACA,OAXACA: Santa Lucía Monteverde,30
oto-mangue,mixteco,mixteco del sur bajo,sahin sau,OAXACA,OAXACA: Chalcatongo de Hidalgo | OAXACA: San Miguel El Grande | OAXACA: Santa María Yolotepec,45
oto-mangue,mixteco,mixteco de Yosonotú,tu'un savi (de Yosonotú),OAXACA,OAXACA: Santa Catarina Yosonotú,16
oto-mangue,mixteco,mixteco del sur medio,tu'un savi (del sur medio),OAXACA,OAXACA: San Esteban Atatlahuca | OAXACA: Santa Cruz Tacahua | OAXACA: Santo Domingo Ixcatlán,53
oto-mangue,mixteco,mixteco de San Pedro Molinos,tu'un savi (de San Pedro Molinos),OAXACA,OAXACA: San Pedro Molinos,7
oto-mangue,mixteco,mixteco de Santa María Yosoyúa,tu'un savi (de Santa María Yosoyúa),OAXACA,OAXACA: Santa María Yosoyúa,6
oto-mangue,mixteco,mixteco de San Mateo Peñasco,tu'un savi (de San Mateo Peñasco),OAXACA,OAXACA: San Mateo Peñasco,5
oto-mangue,mixteco,mixteco de San Agustín Tlacotepec,tu'un savi (de San Agustín Tlacotepec),OAXACA,OAXACA: San Agustín Tlacotepec,11
oto-mangue,mixteco,mixteco de San Antonio Sinicahua,tu'un savi (de San Antonio Sinicahua),OAXACA,OAXACA: San Antonio Sinicahua,10
oto-mangue,mixteco,mixteco del sureste central,tnu'u savi (del sureste central),OAXACA,OAXACA: San Bartolomé Yucuañe | OAXACA: Santa Catarina Ticuá,9
oto-mangue,mixteco,mixteco central,tu'un savi (central),OAXACA,OAXACA: Magdalena Peñasco | OAXACA: San Cristóbal Amoltepec | OAXACA: San Miguel Achiutla | OAXACA: Santa Catarina Tayata,39
oto-mangue,mixteco,mixteco del suroeste central,tu'un savi (del suroeste central),OAXACA,OAXACA: Heroica Ciudad de Tlaxiaco | OAXACA: Santa Cruz Nundaco,23
oto-mangue,mixteco,mixteco del suroeste,tu'un savi (del suroeste),OAXACA,OAXACA: Santa María Yucuhiti | OAXACA: Santiago Nuyoó,59
oto-mangue,mixteco,mixteco de Ñumi,sa'an savi | sa'an sau (de Ñumi),OAXACA,OAXACA: San Juan Ñumi,23
oto-mangue,mixteco,mixteco de oeste central,sa'an ntavi,OAXACA,OAXACA: San Juan Mixtepec | OAXACA: San Martín Itunyoso | OAXACA: Santiago Nundiche,81
oto-mangue,mixteco,mixteco del oeste,to'on savi (del oeste),OAXACA,OAXACA: Coicoyán de las Flores | OAXACA: San Martín Peras | OAXACA: San Sebastián Tecomaxtlahuaca,88
oto-mangue,mixteco,mixteco del norte bajo,tu'un savi (del norte bajo),OAXACA,OAXACA: San Antonino Monte Verde | OAXACA: San Pedro y San Pablo Teposcolula | OAXACA: San Sebastián Nicananduta | OAXACA: Santiago Yolomecatl | OAXACA: Villa Tejupam de la Unión | OAXACA: Villa de Chilapa de Díaz | OAXACA: Villa de Tamazulápam del Progreso,52
oto-mangue,mixteco,mixteco de San Miguel Piedras,tu'un savi (de San Miguel Piedras),OAXACA,OAXACA: San Miguel Piedras,7
oto-mangue,mixteco,mixteco de San Antonio Huitepec,tu'un savi (de San Antonio Huitepec),OAXACA,OAXACA: San Antonio Huitepec,57
oto-mangue,mixteco,mixteco de Santa María Peñoles,tu'un savi (de Santa María Peñoles),OAXACA,OAXACA: Santa María Peñoles,30
oto-mangue,mixteco,mixteco bajo de Valles,tu'un dau,OAXACA,OAXACA: Cuilapam de Guerrero | OAXACA: San Andrés Ixtlahuaca | OAXACA: San Miguel Peras | OAXACA: San Pedro Ixtlahuaca | OAXACA: Santa Cruz Xoxocotlán | OAXACA: Santa María Atzompa | OAXACA: Santiago Tlazoyaltepec,110
oto-mangue,mixteco,mixteco alto de Valles,tu'un ñudavi,OAXACA,OAXACA: San Andrés Nuxiño | OAXACA: San Francisco Telixtlahuaca | OAXACA: San Pablo Huitzo,34
oto-mangue,mixteco,mixteco del este,tu'un davi (del este),OAXACA,OAXACA: Asunción Nochixtlán | OAXACA: San Pedro Coxcaltepec Cántaros | OAXACA: Santo Domingo Nuxaá,94
oto-mangue,mixteco,mixteco de Santa Inés de Zaragoza,tnu'un davi (de Santa Inés de Zaragoza),OAXACA,OAXACA: Santa Inés de Zaragoza,32
oto-mangue,mixteco,mixteco del este central,tnu'un dau,OAXACA,OAXACA: San Francisco Jaltepetongo | OAXACA: San Juan Diuxi | OAXACA: Santiago Tilantongo,35
oto-mangue,mixteco,mixteco del noroeste medio,dedavi | tu'un savi (del noroeste medio),OAXACA,OAXACA: Heroica Ciudad de Huajuapan de León | OAXACA: Silacayoapam | OAXACA: Tezoatlán de Segura y Luna,39
oto-mangue,mixteco,mixteco del oeste alto,tu'un da'vi,OAXACA,OAXACA: Calihuala | OAXACA: Ixpantepec Nieves | OAXACA: San Agustín Atenango | OAXACA: San Francisco Tlapancingo | OAXACA: San Jorge Nuchita | OAXACA: San Juan Bautista Tlachichilco | OAXACA: San Juan Ihualtepec | OAXACA: San Mateo Nejapam | OAXACA: San Miguel Ahuehuetitlán | OAXACA: San Miguel Tlacotepec | OAXACA: Santiago Cacaloxtepec | OAXACA: Santiago Juxtlahuaca | OAXACA: Santiago Tamazola | OAXACA: Santiago Yucuyachi | OAXACA: Santiago del Río | OAXACA: Santos Reyes Tepejillo | OAXACA: Silacayoapam | OAXACA: Tezoatlán de Segura y Luna | OAXACA: Zapotitlán Palmas,142
oto-mangue,mixteco,mixteco de Santo Domingo Tonalá,to'on nda'vi,OAXACA,OAXACA: Santo Domingo Tonalá,12
oto-mangue,mixteco,mixteco del noroeste central alto,tu'un djavi,OAXACA,OAXACA: Tezoatlán de Segura y Luna,4
oto-mangue,mixteco,mixteco del noroeste central bajo,tu'un javi,OAXACA,OAXACA: Tezoatlán de Segura y Luna,4
oto-mangue,mixteco,mixteco de San Juan Tamazola,tnu'un davi (de San Juan Tamazola),OAXACA,OAXACA: San Juan Tamazola,54
oto-mangue,mixteco,mixteco del noreste,da'an davi (del noreste),OAXACA,OAXACA: Asunción Nochixtlán | OAXACA: San Juan Bautista Coixtlahuaca | OAXACA: San Miguel Chicahua | OAXACA: San Miguel Huautla | OAXACA: Santa María Apazco | OAXACA: Santiago Apoala,77
oto-mangue,mixteco,mixteco de San Pedro Tidaá,tnu'un dawi,OAXACA,OAXACA: San Pedro Tidaá,2
oto-mangue,mixteco,mixteco de Mitlatongo,tu'un lavi,OAXACA,OAXACA: Asunción Nochixtlán,1
oto-mangue,mixteco,mixteco de Coatzóspam,tu'un davi (de Coatzóspam),OAXACA,OAXACA: San Juan Coatzóspam,8
oto-mangue,mixteco,mixteco de Sierra sur noroeste,tu'un savi (de Sierra sur noroeste),OAXACA,OAXACA: Constancia de Rosario | OAXACA: Mesones Hidalgo | OAXACA: Putla Villa de Guerrero | OAXACA: Santo Tomás Ocotepec,49
oto-mangue,mixteco,mixteco de San Pablo Tijaltepec,tu'un savi (de San Pablo Tijaltepec),OAXACA,OAXACA: San Pablo Tijaltepec,17
oto-mangue,mixteco,mixteco del oeste de la costa,tu'un savi (del oeste de la costa),OAXACA,OAXACA: San Antonio Tepetlapa | OAXACA: Santiago Pinotepa Nacional | OAXACA: Santiago Tapextla,83
oto-mangue,mixteco,mixteco de Oaxaca de la costa oeste central,tu'un savi (de Oaxaca de la costa oeste central) | se'en savi,OAXACA,OAXACA: Pinotepa de Don Luis | OAXACA: Santiago Pinotepa Nacional,20
oto-mangue,mixteco,mixteco del noroeste,tu'un savi (del noroeste),OAXACA,OAXACA: San Jerónimo Silacayoapilla | OAXACA: San Miguel Amatitlán | OAXACA: San Simón Zahuatlán | OAXACA: Santos Reyes Yucuná,33
oto-mangue,mixteco,mixteco de Cañada bajo,tu'un savi (de Cañada bajo),OAXACA,OAXACA: San Juan Bautista Cuicatlán | OAXACA: San Pedro Jaltepetongo | OAXACA: San Pedro Jocotipac | OAXACA: Santa María Texcatitlán | OAXACA: Valerio Trujano,35
oto-mangue,mixteco,mixteco de Cañada central,tu'un savi (de Cañada central),OAXACA,OAXACA: Chiquihuitlán de Benito Juárez | OAXACA: Cuyamecalco Villa de Zaragoza | OAXACA: San Miguel Santa Flor | OAXACA: Santa Ana Cuauhtémoc,55
oto-mangue,mixteco,mixteco de Yutanduchi de Guerrero,tu'un savi (de Yutanduchi de Guerrero),OAXACA,OAXACA: Yutanduchi de Guerrero,2
oto-mangue,mixteco,mixteco del noreste bajo,tu'un savi (del noreste bajo),OAXACA,OAXACA: San Bartolo Soyaltepec | OAXACA: Santa María Chachoápam | OAXACA: Santo Domingo Tonaltepec | OAXACA: Santo Domingo Yanhuitlán,24
oto-mangue,mixteco,mixteco de San Juan Teita,dañudavi,OAXACA,OAXACA: San Juan Teita,4
oto-mangue,mixteco,mixteco de la frontera Puebla-Oaxaca,da'an davi (de la frontera Puebla-Oaxaca),OAXACA | PUEBLA,OAXACA: Cosoltepec | OAXACA: San Pedro y San Pablo Tequixtepec | OAXACA: Santiago Chazumba | PUEBLA: Petlalcingo | PUEBLA: San Jerónimo Xayacatlán | PUEBLA: Totoltepec de Guerrero | PUEBLA: Xayacatlán de Bravo,75
oto-mangue,mixteco,mixteco del suroeste de Puebla,da'an davi (del suroeste de Puebla) | de'e dau (del suroeste de Puebla),PUEBLA,PUEBLA: Acatlán | PUEBLA: Chigmecatitlán,20
oto-mangue,mixteco,mixteco de Tlaltempan,da'an davi (de Tlaltempan) | de'e dau (de Tlaltempan),PUEBLA,PUEBLA: Santa Catarina Tlaltempan,1
oto-mangue,mixteco,mixteco de Zapotitlán,da'an davi (de Zapotitlán),PUEBLA,PUEBLA: Zapotitlán,13
oto-mangue,otomí,otomí de la Sierra,ñuju | ñoju | yühu,HIDALGO | PUEBLA | VERACRUZ DE IGNACIO DE LA LLAVE,HIDALGO: Acaxochitlán | HIDALGO: Huehuetla | HIDALGO: Tenango de Doria | HIDALGO: Tulancingo de Bravo | PUEBLA: Chignahuapan | PUEBLA: Francisco Z. Mena | PUEBLA: Honey | PUEBLA: Jalpan | PUEBLA: Huauchinango | PUEBLA: Pahuatlán | PUEBLA: Pantepec | PUEBLA: Tlacuilotepec | PUEBLA: Tlaxco | PUEBLA: Venustiano Carranza | PUEBLA: Xicotepec | PUEBLA: Zihuateutla | VERACRUZ DE IGNACIO DE LA LLAVE: Castillo de Teayo | VERACRUZ DE IGNACIO DE LA LLAVE: Chicontepec | VERACRUZ DE IGNACIO DE LA LLAVE: Coatzintla | VERACRUZ DE IGNACIO DE LA LLAVE: Coyutla | VERACRUZ DE IGNACIO DE LA LLAVE: Huayacocotla | VERACRUZ DE IGNACIO DE LA LLAVE: Ixhuatlán de Madero | VERACRUZ DE IGNACIO DE LA LLAVE: Temapache | VERACRUZ DE IGNACIO DE LA LLAVE: Texcatepec | VERACRUZ DE IGNACIO DE LA LLAVE: Tihuatlán | VERACRUZ DE IGNACIO DE LA LLAVE: Tlachichilco | VERACRUZ DE IGNACIO DE LA LLAVE: Zacualpan | VERACRUZ DE IGNACIO DE LA LLAVE: Zontecomatlán de López y Fuentes,697
oto-mangue,otomí,otomí bajo del noroeste,hñäñho,QUERÉTARO ARTEAGA,QUERÉTARO ARTEAGA: Amealco de Bonfil,45
oto-mangue,otomí,otomí del oeste,ñathó,MICHOACÁN DE OCAMPO,MICHOACÁN DE OCAMPO: Zitácuaro,39
oto-mangue,otomí,otomí del oeste del Valle del Mezquital,ñöhñö | ñähñá,HIDALGO,HIDALGO: Huichapan | HIDALGO: Tecozautla,93
oto-mangue,otomí,otomí del Valle del Mezquital,hñähñú | ñänhú (del Valle del Mezquital) | ñandú | ñóhnño (del Valle del Mezquital) | ñanhmu,HIDALGO,HIDALGO: Actopan | HIDALGO: Ajacuba | HIDALGO: Alfajayucan | HIDALGO: Almoloya | HIDALGO: Atitalaquia | HIDALGO: Atotonilco el Grande | HIDALGO: Calnali | HIDALGO: Cardonal | HIDALGO: Chapulhuacán | HIDALGO: Chilcuautla | HIDALGO: Cuautepec de Hinojosa | HIDALGO: Eloxochitlán | HIDALGO: Francisco I. Madero | HIDALGO: Huasca de Ocampo | HIDALGO: Ixmiquilpan | HIDALGO: Jacala de Ledezma | HIDALGO: Metepec | HIDALGO: Metztitlán | HIDALGO: Mixquiahuala de Juárez | HIDALGO: Nicolás Flores | HIDALGO: Pacula | HIDALGO: Progreso de Obregón | HIDALGO: San Agustín Tlaxiaca | HIDALGO: San Bartolo Tutotepec | HIDALGO: San Salvador | HIDALGO: Santiago Anaya | HIDALGO: Tasquillo | HIDALGO: Tepeapulco | HIDALGO: Tepehuacán de Guerrero | HIDALGO: Tepeji del Río de Ocampo | HIDALGO: Tepetitlán | HIDALGO: Tezontepec de Aldama | HIDALGO: Tlahuiltepa | HIDALGO: Tula de Allende | HIDALGO: Zempoala | HIDALGO: Zimapan,1117
oto-mangue,otomí,otomí de Ixtenco,yühmu,TLAXCALA,TLAXCALA: Ixtenco,1
oto-mangue,otomí,otomí de Tilapa o del sur,ñü'hü,ESTADO DE MÉXICO,ESTADO DE MÉXICO: Tianguistengo,1
oto-mangue,otomí,otomí del noroeste,hñöñho | ñühú | ñanhú,GUANAJUATO | QUERÉTARO ARTEAGA,GUANAJUATO: Allende | GUANAJUATO: Apaseo el Alto | GUANAJUATO: Capulhuac | GUANAJUATO: Comonfort | GUANAJUATO: Cortazar | GUANAJUATO: Dolores Hidalgo Cuna de la Independencia | GUANAJUATO: Tierra Blanca | QUERÉTARO ARTEAGA: Amealco de Bonfil | QUERÉTARO ARTEAGA: Cadereyta de Montes | QUERÉTARO ARTEAGA: Colón | QUERÉTARO ARTEAGA: El | QUERÉTARO ARTEAGA: Marqués | QUERÉTARO ARTEAGA: Ezequiel | QUERÉTARO ARTEAGA: Montes | QUERÉTARO ARTEAGA: Querétaro | QUERÉTARO ARTEAGA: San Juan del Río | QUERÉTARO ARTEAGA: Tequisquiapan | QUERÉTARO ARTEAGA: Tolimán,429
oto-mangue,otomí,otomí del centro,hñähñu (del centro) | ñöthó | ñható | hñothó | ñóhnño (del centro),ESTADO DE MÉXICO,ESTADO DE MÉXICO: Acambay | ESTADO DE MÉXICO: Aculco | ESTADO DE MÉXICO: Amanalco de Becerra | ESTADO DE MÉXICO: Atlacomulco | ESTADO DE MÉXICO: Axapusco | ESTADO DE MÉXICO: Calimaya | ESTADO DE MÉXICO: Chapa de Mota | ESTADO DE MÉXICO: Huixquilucan | ESTADO DE MÉXICO: Jilotepec | ESTADO DE MÉXICO: Jilotzingo | ESTADO DE MÉXICO: Jiquipilco | ESTADO DE MÉXICO: Lerma | ESTADO DE MÉXICO: Morelos | ESTADO DE MÉXICO: Naucalpan de Juárez | ESTADO DE MÉXICO: Nicolás Romero | ESTADO DE MÉXICO: Ocoyoacac | ESTADO DE MÉXICO: Otzolotepec | ESTADO DE MÉXICO: San Felipe del Progreso | ESTADO DE MÉXICO: Temascalcingo | ESTADO DE MÉXICO: Temascaltepec | ESTADO DE MÉXICO: Temoaya | ESTADO DE MÉXICO: Tianguistenco | ESTADO DE MÉXICO: Timilpan | ESTADO DE MÉXICO: Toluca | ESTADO DE MÉXICO: Villa del Carbón | ESTADO DE MÉXICO: Xonacatlán | ESTADO DE MÉXICO: Zinacantepec,904
oto-mangue,pame,pame del norte,xi'iuy,SAN LUIS POTOSÍ,SAN LUIS POTOSÍ: Aquismón | SAN LUIS POTOSÍ: Cárdenas | SAN LUIS POTOSÍ: Ciudad del Maíz,48
oto-mangue,pame,pame del centro,xi'oi,SAN LUIS POTOSÍ,SAN LUIS POTOSÍ: Lagunillas | SAN LUIS POTOSÍ: Rayón | SAN LUIS POTOSÍ: Santa Catarina | SAN LUIS POTOSÍ: Tamasopo,152
oto-mangue,popoloca,popoloca del norte,ngiwa (del norte) | ngigua (del norte),PUEBLA,PUEBLA: Tlacotepec de Benito Juárez,17
oto-mangue,popoloca,popoloca del centro,ngiba (del centro),PUEBLA,PUEBLA: Tepexi de Rodríguez,3
oto-mangue,popoloca,popoloca de oriente,ngiwa (de oriente) | ngigua (de oriente) | ngiba (de oriente),PUEBLA,PUEBLA: San Gabriel Chilac | PUEBLA: San Vicente Coyotepec | PUEBLA: Tepanco de López | PUEBLA: Tepexi de Rodríguez | PUEBLA: Zapotitlán Salinas,13
oto-mangue,popoloca,popoloca del poniente,ngiba (del poniente),PUEBLA,PUEBLA: Santa Inés Ahuatempan,6
oto-mangue,tlahuica,tlahuica,pjiekakjoo,ESTADO DE MÉXICO,ESTADO DE MÉXICO: Ocuilán,10
oto-mangue,tlapaneco,tlapaneco del sur,m'ph tsíndíí,GUERRERO,GUERRERO: Azoyú | GUERRERO: Marquelia,12
oto-mangue,tlapaneco,tlapaneco del oeste,tlapaneco,GUERRERO,GUERRERO: Quechultenango,8
oto-mangue,tlapaneco,tlapaneco central bajo,m'ph xku ix rdí,GUERRERO,GUERRERO: Iliatenco | GUERRERO: Malinaltepec | GUERRERO: San Luis Acatlán,159
oto-mangue,tlapaneco,tlapaneco del suroeste,me'p wí'n,GUERRERO,GUERRERO: Acatepec | GUERRERO: Ayutla de los Libres | GUERRERO: San Luis Acatlán | GUERRERO: Tlacoapa | GUERRERO: Zapotitlán Tablas,122
oto-mangue,tlapaneco,tlapaneco del este,m'ph bátháá,GUERRERO,GUERRERO: Acapulco | GUERRERO: Atlamajalcingo del Monte | GUERRERO: Metlatónoc | GUERRERO: Tlapa de Comonfort,29
oto-mangue,tlapaneco,tlapaneco del centro,mi'ph míŋuíí,GUERRERO,GUERRERO: Tlacoapa,38
oto-mangue,tlapaneco,tlapaneco del norte,me'ph xrágáá,GUERRERO,GUERRERO: Acatepec | GUERRERO: Copanatoyac | GUERRERO: Tlapa de Comonfort | GUERRERO: Zapotitlán Tablas,29
oto-mangue,tlapaneco,tlapaneco del noroeste alto,me'phgu,GUERRERO,GUERRERO: Atlixtac,7
oto-mangue,tlapaneco,tlapaneco del noroeste bajo,me'phaa xma'íín,GUERRERO,GUERRERO: Atlixtac,20
oto-mangue,triqui,triqui de San Juan Copala,xnánj n' a,OAXACA,OAXACA: Santiago Juxtlahuaca,50
oto-mangue,triqui,triqui de la media,stnáj n',OAXACA,OAXACA: San Martín Itunyoso,6
oto-mangue,triqui,triqui de la alta,gu a'm nánj nï'ïn,OAXACA,OAXACA: Putla Villa de Guerrero,33
oto-mangue,triqui,triqui de la baja,tnanj ni'inj,OAXACA,OAXACA: Constancia del Rosario | OAXACA: Putla Villa de Guerrero,15
oto-mangue,zapoteco,zapoteco de Texmelucan,rixhquei,OAXACA,OAXACA: San Lorenzo Texmelucan,29
oto-mangue,zapoteco,"zapoteco de la Sierra sur, noroeste bajo",rizi,OAXACA,OAXACA: Villa Sola de Vega,28
oto-mangue,zapoteco,"zapoteco de la Sierra sur, noroeste",risna | rixhna,OAXACA,OAXACA: Santa María Zaniza | OAXACA: Santiago Textitlán | OAXACA: Villa Sola de Vega,22
oto-mangue,zapoteco,zapoteco de San Antonino el Alto,di'tse'e (de San Antonino el Alto),OAXACA,OAXACA: San Antonino el Alto,13
oto-mangue,zapoteco,"zapoteco de la Sierra sur, oeste bajo","di'tse'e (de la Sierra sur, oeste bajo)",OAXACA,OAXACA: San Miguel Mixtepec | OAXACA: Santa Cruz Mixtepec,20
oto-mangue,zapoteco,"zapoteco de la Sierra sur, noroeste alto",dialó,OAXACA,OAXACA: Santa María Lachixío | OAXACA: San Vicente Lachixío,13
oto-mangue,zapoteco,zapoteco de San Miguel Aloápam,tizha',OAXACA,OAXACA: San Miguel Aloápam,4
oto-mangue,zapoteco,"zapoteco serrano, del noroeste",tizhà,OAXACA,OAXACA: Abejones | OAXACA: Santa María Jaltianguis,4
oto-mangue,zapoteco,"zapoteco serrano, del oeste",tizáriù | xhtisariú,OAXACA,OAXACA: Nuevo Zoquiápam | OAXACA: San Juan Atepec | OAXACA: San Juan Evangelista Analco | OAXACA: San Miguel del Río | OAXACA: San Pablo Macuiltianguis | OAXACA: Santa Catarina Ixtepeji,35
oto-mangue,zapoteco,"zapoteco serrano, bajo","didzá (serrano, bajo)",OAXACA,OAXACA: Capulálpam de Méndez | OAXACA: Guelatao de Juárez | OAXACA: Ixtlán de Juárez | OAXACA: Natividad | OAXACA: San Juan Chicomezúchil | OAXACA: San Miguel Amatlán | OAXACA: Santa Catarina Lachatao | OAXACA: Santa María Yavesía | OAXACA: Santiago Xiacuí,40
oto-mangue,zapoteco,"zapoteco serrano, del noroeste bajo",tidza',OAXACA,OAXACA: Ixtlán de Juárez | OAXACA: San Ildelfonso Villa Alta | OAXACA: San Juan Yaeé | OAXACA: San Juan Yatzona | OAXACA: San Miguel Yotao | OAXACA: San Pedro Yaneri | OAXACA: Santiago Camotlán | OAXACA: Santiago Lalopa | OAXACA: Santo Domingo Roayaga | OAXACA: Villa Talea de Castro | OAXACA: Tanetze de Zaragoza,52
oto-mangue,zapoteco,zapoteco de Santa María Temaxcalapa,xitzhá,OAXACA,OAXACA: Santa María Temaxcalapa,1
oto-mangue,zapoteco,zapoteco del oeste de Tuxtepec,diza shisa' | diza shitsa (del oeste de Tuxtepec) | diza shitsá,OAXACA,OAXACA: San Juan Comaltepec | OAXACA: San Juan Lalana | OAXACA: Santiago Choápam,45
oto-mangue,zapoteco,zapoteco de Santiago Yaveo,di' shitsa' | diza shitsa (de Santiago Yaveo),OAXACA,OAXACA: Santiago Yaveo,20
oto-mangue,zapoteco,"zapoteco serrano, del este",xitsúa,OAXACA,OAXACA: San Ildefonso Villa Alta,5
oto-mangue,zapoteco,"zapoteco serrano, del sureste","didxa shiza' | didza shon (serrano, del sureste) | dilla xidza | dishuràsh | diya xhon",OAXACA,OAXACA: San Andrés Yaá | OAXACA: San Baltazar Yatzachi el Bajo | OAXACA: San | OAXACA: Cristóbal Lachirioag | OAXACA: San Ildefonso Villa Alta | OAXACA: San Melchor Betaza | OAXACA: Villa Hidalgo Yalálag,11
oto-mangue,zapoteco,"zapoteco serrano, del sureste medio","didza shon (serrano, del sureste medio) | dilla xhon (serrano, del sureste medio) | dille xhon",OAXACA,OAXACA: San Andrés Solaga | OAXACA: San Bartolomé Zoogocho | OAXACA: San Baltazar Yatzachi el Bajo | OAXACA: Santiago Zoochila | OAXACA: Santa María Yalina,13
oto-mangue,zapoteco,"zapoteco serrano, del sureste alto","dilla xhon (serrano, del sureste alto) | diya dxon",OAXACA,OAXACA: San Juan Tabaá | OAXACA: San Andrés Solaga,3
oto-mangue,zapoteco,zapoteco de Santiago Laxopa,dilla rhune' | dishe xun,OAXACA,OAXACA: Santiago Laxopa,6
oto-mangue,zapoteco,"zapoteco serrano, del sureste bajo",ditse' | ditse' hualats,OAXACA,OAXACA: San Francisco Cajonos | OAXACA: San Mateo Cajonos | OAXACA: San Pablo Yaganiza | OAXACA: San Pedro Cajonos,9
oto-mangue,zapoteco,"zapoteco serrano, del oeste medio",tizha,OAXACA,OAXACA: Santa Ana Yareni | OAXACA: Teococuilco de Marcos Pérez,7
oto-mangue,zapoteco,zapoteco de Valles del sur,didzé,OAXACA,OAXACA: Coatecas Altas | OAXACA: Heróica Ciudad de Ejutla de Crespo | OAXACA: San José del Progreso,21
oto-mangue,zapoteco,zapoteco de San Vicente Coatlán,didxnde,OAXACA,OAXACA: San Vicente Coatlán,6
oto-mangue,zapoteco,"zapoteco de la Sierra sur, del este bajo",didxke',OAXACA,OAXACA: Miahuatlán de Porfirio Díaz | OAXACA: San Jerónimo Coatlán | OAXACA: San Miguel Coatlán | OAXACA: San Pablo Coatlán,46
oto-mangue,zapoteco,zapoteco de la costa oeste,diste' (de la costa oeste) | dixhque' | ristee',OAXACA,OAXACA: San Baltazar Loxicha | OAXACA: San Jerónimo Coatlán | OAXACA: Santa María Tonameca | OAXACA: Santo Domingo de Morelos,70
oto-mangue,zapoteco,zapoteco de la costa central,diste' (de la costa central) | distèe (de la costa central),OAXACA,OAXACA: Candelaria Loxicha | OAXACA: Pluma Hidalgo | OAXACA: San Agustín Loxicha | OAXACA: San Bartolomé Loxicha | OAXACA: San Pedro Pochutla | OAXACA: Santa María Colotepec | OAXACA: Santa María Huatulco | OAXACA: Santa María Tonameca,414
oto-mangue,zapoteco,"zapoteco de la Sierra sur, central",diiste,OAXACA,OAXACA: Miahuatlán de Porfirio Díaz | OAXACA: San Andrés Paxtlán | OAXACA: Santa Cruz Xitla | OAXACA: Santa Catarina Cuixtla | OAXACA: Santa Lucía Miahuatlán | OAXACA: Santo Tomás Tamazulapan,64
oto-mangue,zapoteco,"zapoteco de la Sierra sur, noreste","ditsë | dizde (de la Sierra sur, noreste)",OAXACA,OAXACA: San Carlos Yautepec | OAXACA: San Cristóbal Amatlán | OAXACA: San José Lachiguiri | OAXACA: San Juan Mixtepec Distrito 26 | OAXACA: San Pedro Mixtepec Distrito 26 | OAXACA: San Pedro Mártir Quiéchapa,16
oto-mangue,zapoteco,"zapoteco de la Sierra sur, noroeste medio","distse' | ditsè (de la Sierra sur, noroeste medio) | ditsëë",OAXACA,OAXACA: San Carlos Yautepec | OAXACA: Santa Catalina Quierí | OAXACA: Santa Catarina Quioquitani,9
oto-mangue,zapoteco,zapoteco de Quiavicuzas,ditsere' | dixhtiò,OAXACA,OAXACA: San Carlos Yautepec,1
oto-mangue,zapoteco,"zapoteco de la Sierra sur, del norte","dizde (de la Sierra sur, del norte) | dizè (de la Sierra sur, del norte)",OAXACA,OAXACA: San Cristóbal Amatlán | OAXACA: San | OAXACA: Francisco Logueche | OAXACA: San Ildefonso Amatlán | OAXACA: San Luis Amatlán,17
oto-mangue,zapoteco,zapoteco de la costa noreste,desté | distèe (de la costa noreste),OAXACA,OAXACA: San Juan Ozolotepec | OAXACA: San Marcial Ozolotepec | OAXACA: San Mateo Piñas | OAXACA: San Miguel Suchixtepec | OAXACA: San Pedro El Alto | OAXACA: San Sebastián Río Hondo | OAXACA: Santa María Ozolotepec | OAXACA: Santo Domingo Ozolotepec,171
oto-mangue,zapoteco,zapoteco de Mixtepec,dizde (de Mixtepec),OAXACA,OAXACA: San Cristóbal Amatlán,1
oto-mangue,zapoteco,"zapoteco de la Sierra sur, del sureste bajo","diste' (de la Sierra sur, del sureste bajo) | distse'e",OAXACA,OAXACA: Santiago Xánica,31
oto-mangue,zapoteco,"zapoteco de la Sierra sur, del sureste alto","didsé | ditsa | ditsè (de la Sierra sur, del sureste alto)",OAXACA,OAXACA: San Francisco Ozolotepec | OAXACA: San Juan Ozolotepec,4
oto-mangue,zapoteco,zapoteco de Santa María Quiegolani,disà,OAXACA,OAXACA: Santa María Quiegolani,4
oto-mangue,zapoteco,zapoteco de San Bartolo Yautepec,di'izhdë,OAXACA,OAXACA: San Bartolo Yautepec,3
oto-mangue,zapoteco,zapoteco de Asunción Tlacolulita,tixh nguizë,OAXACA,OAXACA: Asunción Tlacolulita,2
oto-mangue,zapoteco,zapoteco de la costa este,ditsa',OAXACA,OAXACA: San Francisco Ozolotepec | OAXACA: San Juan Ozolotepec | OAXACA: San Miguel del Puerto | OAXACA: Santiago Xánica,25
oto-mangue,zapoteco,"zapoteco de Valles, oeste","dixasà (de Valles, oeste) | dizë",OAXACA,OAXACA: Magdalena Mixtepec | OAXACA: San Bernardo Mixtepec | OAXACA: San Pablo Cuatro Venados | OAXACA: San Pablo Huixtepec,24
oto-mangue,zapoteco,zapoteco de San Felipe Tejalápam,tizá (de San Felipe Tejalápam),OAXACA,OAXACA: San Felipe Tejalápam,14
oto-mangue,zapoteco,"zapoteco de Valles, noroeste","tizá (de Valles, noroeste)",OAXACA,OAXACA: San Agustín Etla | OAXACA: San Andrés Zautla | OAXACA: San Pablo Etla | OAXACA: Santa María Atzompa | OAXACA: Santo Tomás Mazaltepec | OAXACA: Villa de Etla,30
oto-mangue,zapoteco,"zapoteco de Valles, norte",dizdà,OAXACA,OAXACA: San Andrés Huayápam | OAXACA: Santo Domingo Tonaltepec | OAXACA: Tlalixtac de Cabrera,28
oto-mangue,zapoteco,"zapoteco de Valles, del noroeste medio",dixsà,OAXACA,OAXACA: Oaxaca de Juárez | OAXACA: San Antonio de la Cal | OAXACA: San | OAXACA: Raymundo Jalpan | OAXACA: San Sebastián Tutla | OAXACA: Santa Cruz Xoxocotlán | OAXACA: Santa Lucía del Camino | OAXACA: Santa María Guelacé | OAXACA: Santa María del Tule,61
oto-mangue,zapoteco,"zapoteco de Valles, del noroeste bajo","dizá (de Valles, del noroeste bajo)",OAXACA,OAXACA: San Bartolo Coyotepec | OAXACA: Santa María Coyotepec | OAXACA: Villa de Zaachila,15
oto-mangue,zapoteco,"zapoteco de Valles, del suroeste medio","dizé | dizè (de Valles, del suroeste medio)",OAXACA,OAXACA: Asunción Ocotlán | OAXACA: Magdalena Ocotlán | OAXACA: San Pedro Mártir | OAXACA: San Pedro Apóstol,9
oto-mangue,zapoteco,zapoteco de Zimatlán de Álvarez,dixasà (de Zimatlán de Alvarez),OAXACA,OAXACA: Zimatlán de Álvarez,10
oto-mangue,zapoteco,"zapoteco de Valles, del oeste central","dizhá (de Valles, del oeste central)",OAXACA,OAXACA: Santa Ana Zegache | OAXACA: Santa Inés Yatzeche,6
oto-mangue,zapoteco,"zapoteco de Valles, del centro",disá,OAXACA,OAXACA: Santo Tomás Jalieza,3
oto-mangue,zapoteco,"zapoteco de Valles, de suroeste alto",xtizhna,OAXACA,OAXACA: Santiago Apóstol,5
oto-mangue,zapoteco,"zapoteco de Valles, del suroeste central","dizá (de Valles, del suroeste central)",OAXACA,OAXACA: Ocotlán de Morelos | OAXACA: San Antonino Castillo Velasco | OAXACA: San Jerónimo Taviche | OAXACA: San Martín de los Cansecos | OAXACA: Santa Catarina Minas | OAXACA: Santa Lucía Ocotlán,30
oto-mangue,zapoteco,"zapoteco de Valles, del centro bajo","dizhá (de Valles, del centro bajo)",OAXACA,OAXACA: San Miguel Tilquiápam,3
oto-mangue,zapoteco,"zapoteco de Valles, del norte central",dixzhá,OAXACA,OAXACA: Magdalena Teitipac | OAXACA: San Bartolomé Quialana | OAXACA: San Francisco Lachigoló | OAXACA: San Jerónimo Tlacochahuaya | OAXACA: San Juan Teitipac | OAXACA: San Lucas Quiavini | OAXACA: San Martín Tilcajete | OAXACA: San Sebastián Abasolo | OAXACA: San Sebastián Teitipac | OAXACA: Santa Ana del Valle | OAXACA: Santa Cruz Papalutla | OAXACA: Santo Tomás Jalieza | OAXACA: Teotitlán del Valle | OAXACA: Tlacolula de Matamoros | OAXACA: Villa Díaz Ordaz,58
oto-mangue,zapoteco,"zapoteco de Valles, del este central","disàa | dizá (de Valles, del este central)",OAXACA,OAXACA: San Dionisio Ocotepec | OAXACA: Santiago Matatlán,30
oto-mangue,zapoteco,zapoteco de San Baltazar Chichicapam,dzhi'iza,OAXACA,OAXACA: San Baltazar Chichicapam,2
oto-mangue,zapoteco,"zapoteco de Valles, del este medio",dixdà | diza,OAXACA,OAXACA: San Dionisio Ocotepec | OAXACA: San Juan del Río | OAXACA: San Lorenzo Albarradas | OAXACA: San Pablo Villa de Mitla | OAXACA: San Pedro Totolapa | OAXACA: Santiago Matatlán,22
oto-mangue,zapoteco,"zapoteco de Sierra sur, del noreste alto","dichsà | didzá (de Sierra sur, del noreste alto) | ditsáh",OAXACA,OAXACA: Nejapa de Madero | OAXACA: San Carlos Yautepec | OAXACA: San | OAXACA: Pedro Quiatoni,70
oto-mangue,zapoteco,"zapoteco de Valles, del noreste",dichsah | didxazá,OAXACA,OAXACA: San Lorenzo Albarradas | OAXACA: San Pablo Villa de Mitla | OAXACA: Santo Domingo Albarradas | OAXACA: Villa Díaz Ordaz,7
oto-mangue,zapoteco,"zapoteco de la montaña del Istmo, alto",didxsá | ditsá,OAXACA,OAXACA: Guevea de Humbolt | OAXACA: Santa María Totolapilla | OAXACA: Santiago Lachiguiri,41
oto-mangue,zapoteco,"zapoteco de la montaña del Istmo, bajo",ditsire | di'tsiri'e,OAXACA,OAXACA: Guevea de Humboldt | OAXACA: Santa María Guienagati,32
oto-mangue,zapoteco,zapoteco de Petapa,didxazé | dizazi,OAXACA,OAXACA: Santa María Petapa | OAXACA: Santo Domingo Petapa,35
oto-mangue,zapoteco,zapoteco de la planicie costera,dixazà | diidxazá | diixazá,OAXACA,OAXACA: Asunción Ixtaltepec | OAXACA: Chahuites | OAXACA: Ciudad Ixtepec | OAXACA: El Espinal | OAXACA: Juchitán de Zaragoza | OAXACA: Magdalena Tlacotepec | OAXACA: Reforma de Pineda | OAXACA: Salina Cruz | OAXACA: San Blas Atempa | OAXACA: San Francisco Ixhuatán | OAXACA: San Juan Guichicovi | OAXACA: San Pedro Comitancillo | OAXACA: San Pedro Huilotepec | OAXACA: San Pedro Tapanatepec | OAXACA: Santa María Jalapa del Marqués | OAXACA: Santa María Mixtequilla | OAXACA: Santa María Xadani | OAXACA: Santiago Laollaga | OAXACA: Santo Domingo Chihuitán | OAXACA: Santo Domingo Ingenio | OAXACA: Santo Domingo Tehuantepec | OAXACA: Santo Domingo Zanatepec | OAXACA: Unión Hidalgo,344
maya,Akateko,Akateko,Kuti' [kutiʔ],CAMPECHE | CHIAPAS | QUINTANA ROO,CAMPECHE: Champotón | CHIAPAS: Frontera Comalapa | CHIAPAS: La Trinitaria | QUINTANA ROO: Othón P. Blanco,8
maya,Awakateko,Awakateko,Qyool (de Aguacatán),CAMPECHE,CAMPECHE: Champotón,3
maya,chontal de Tabasco,chontal de Tabasco central,yoko t'an (central),TABASCO,TABASCO: Jalpa de Méndez | TABASCO: Nacajuca,81
maya,chontal de Tabasco,chontal de Tabasco del este,yoko t'an (del este),TABASCO,TABASCO: Centro,80
maya,chontal de Tabasco,chontal de Tabasco del sureste,yoko t'an (del sureste),TABASCO,TABASCO: Macuspana,88
maya,chontal de Tabasco,chontal de Tabasco del norte,yoko t'an (del norte),TABASCO,TABASCO: Centla,97
maya,Chuj,Chuj,Koti',CAMPECHE | QUINTANA ROO,CAMPECHE: Campeche | CAMPECHE: Champotón | CAMPECHE: La Independencia | CAMPECHE: La Trinitaria | CAMPECHE: Las Margaritas | CAMPECHE: Maravilla Tenejapa | QUINTANA ROO: Othón P. Blanco,65
maya,ch'ol,ch'ol del noroeste,lakty'añ (del noroeste),CHIAPAS | TABASCO,CHIAPAS: Amatán | CHIAPAS: Huitiupán | CHIAPAS: Las Margaritas | CHIAPAS: Maravilla Tenejapa | CHIAPAS: Oxchuc | CHIAPAS: Palenque | CHIAPAS: Sabanilla | CHIAPAS: Salto de Agua | CHIAPAS: Tila | CHIAPAS: Yajalón | TABASCO: Macuspana | TABASCO: Tacotalpa,955
maya,ch'ol,ch'ol del sureste,lakty'añ (del sureste),CAMPECHE | CHIAPAS | TABASCO,CAMPECHE: Calakmul | CHIAPAS: Benemérito de las Américas | CHIAPAS: Catazajá | CHIAPAS: Chilón | CHIAPAS: Marqués de Comillas | CHIAPAS: Ocosingo | CHIAPAS: Tumbalá | TABASCO: Balancán | TABASCO: Tenosique,388
maya,huasteco,huasteco del occidente,teenek (del occidente) | tenek (del occidente),SAN LUIS POTOSÍ,SAN LUIS POTOSÍ: Aquismón | SAN LUIS POTOSÍ: Ciudad Valles | SAN LUIS POTOSÍ: Coxcatlán | SAN LUIS POTOSÍ: Ébano | SAN LUIS POTOSÍ: Huehuetlán | SAN LUIS POTOSÍ: San Antonio | SAN LUIS POTOSÍ: San Vicente Tancuayalab | SAN LUIS POTOSÍ: Tampamolón Corona | SAN LUIS POTOSÍ: Tamuín | SAN LUIS POTOSÍ: Tancanhuitz de Santos | SAN LUIS POTOSÍ: Tanlajás | SAN LUIS POTOSÍ: Tanquián de Escobedo | SAN LUIS POTOSÍ: Xilitla,962
maya,huasteco,huasteco del centro,teenek (del centro) | tenek (del centro),VERACRUZ DE IGNACIO DE LA LLAVE,VERACRUZ DE IGNACIO DE LA LLAVE: Platón Sánchez | VERACRUZ DE IGNACIO DE LA LLAVE: Tantoyuca | VERACRUZ DE IGNACIO DE LA LLAVE: Tempoal,345
maya,huasteco,huasteco de oriente,teenek (de oriente) | tenek (de oriente),VERACRUZ DE IGNACIO DE LA LLAVE,VERACRUZ DE IGNACIO DE LA LLAVE: Cerro Azul | VERACRUZ DE IGNACIO DE LA LLAVE: Chicontepec | VERACRUZ DE IGNACIO DE LA LLAVE: Chinampa de Gorostiza | VERACRUZ DE IGNACIO DE LA LLAVE: Chontla | VERACRUZ DE IGNACIO DE LA LLAVE: Citlaltépetl | VERACRUZ DE IGNACIO DE LA LLAVE: Ixcatepec | VERACRUZ DE IGNACIO DE LA LLAVE: Naranjos Amatlán | VERACRUZ DE IGNACIO DE LA LLAVE: Tamalín | VERACRUZ DE IGNACIO DE LA LLAVE: Tancoco | VERACRUZ DE IGNACIO DE LA LLAVE: Tantima | VERACRUZ DE IGNACIO DE LA LLAVE: Tepetzintla,166
maya,Ixil,Ixil chajuleño,Ixil (chajuleño),CAMPECHE | QUINTANA ROO,CAMPECHE: Campeche | QUINTANA ROO: Othón P. Blanco,3
maya,Ixil,Ixil nebajeño,Ixil (nebajeño),QUINTANA ROO,QUINTANA ROO: Othón P. Blanco,1
maya,Jakalteko,Jakalteko,Jakalteko-Popti',CAMPECHE | CHIAPAS | QUINTANA ROO,CAMPECHE: Campeche | CAMPECHE: Champotón | CHIAPAS: Amatenango de la Frontera | CHIAPAS: Bella Vista | CHIAPAS: Frontera Comalapa | CHIAPAS: La Trinitaria | QUINTANA ROO: Othón P. Blanco,37
maya,Kaqchikel,Kaqchikel,Kaqchikel,CAMPECHE | QUINTANA ROO,CAMPECHE: Campeche | CAMPECHE: Champotón | QUINTANA ROO: Othón P. Blanco,8
maya,K'iche',K'iche' (oriental),K'iche' (oriental),CAMPECHE | CHIAPAS | QUINTANA ROO,CAMPECHE: Campeche | CAMPECHE: Champotón | CHIAPAS: Las Margaritas | CHIAPAS: Marqués de Comillas | QUINTANA ROO: Othón P. Blanco,9
maya,K'iche',K'iche' (occidental),K'iche' (occidental),CAMPECHE,CAMPECHE: Champotón,1
maya,K'iche',K'iche' (central),K'iche' (central),CAMPECHE,CAMPECHE: Champotón,1
maya,lacandón,lacandón,jach-t'aan,CHIAPAS,CHIAPAS: Ocosingo,9
maya,Mam,Mam de la frontera,Qyool (de la frontera),CHIAPAS,CHIAPAS: Amatenango de la Frontera | CHIAPAS: Bejucal de Ocampo | CHIAPAS: Frontera Comalapa | CHIAPAS: La Independencia | CHIAPAS: La | CHIAPAS: Trinitaria | CHIAPAS: Las Margaritas | CHIAPAS: Maravilla Tenejapa,153
maya,Mam,Mam del norte,Qyool (del norte),CAMPECHE | QUINTANA ROO,CAMPECHE: Campeche | CAMPECHE: Champotón | QUINTANA ROO: Othón P. Blanco,10
maya,Mam,Mam del sur,Qyool (del sur),CAMPECHE | QUINTANA ROO,CAMPECHE: Campeche | CAMPECHE: Champotón | QUINTANA ROO: Othón P. Blanco,4
maya,Mam,Mam de la Sierra,Qyool (de la Sierra),CHIAPAS,CHIAPAS: Bella Vista | CHIAPAS: El Porvenir | CHIAPAS: La Grandeza | CHIAPAS: Mazapa de Madero | CHIAPAS: Motozintla | CHIAPAS: Siltepec,258
maya,Mam,Mam del Soconusco,Qyool Mam | B'anax Mam,CHIAPAS,CHIAPAS: Cacahoatán | CHIAPAS: Huehuetán | CHIAPAS: Huixtla | CHIAPAS: Tapachula | CHIAPAS: Tuxtla Chico | CHIAPAS: Tuzantán | CHIAPAS: Unión Juárez,161
maya,maya,maya,maaya | maaya t'aan | maayáa,CAMPECHE | QUINTANA ROO | YUCATÁN,CAMPECHE: Calakmul | CAMPECHE: Calkiní | CAMPECHE: Campeche | CAMPECHE: Candelaria | CAMPECHE: Champotón | CAMPECHE: Escárcega | CAMPECHE: Hecelchakán | CAMPECHE: Hopelchén | CAMPECHE: Tenabo | QUINTANA ROO: Benito Juárez | QUINTANA ROO: Felipe Carrillo Puerto | QUINTANA ROO: José María Morelos | QUINTANA ROO: Lázaro Cárdenas | QUINTANA ROO: Othón P. Blanco | QUINTANA ROO: Solidaridad | YUCATÁN: Abalá | YUCATÁN: Acanceh | YUCATÁN: Akil Baca | YUCATÁN: Bokobá | YUCATÁN: Buctzotz | YUCATÁN: Cacalchén | YUCATÁN: Calotmul | YUCATÁN: Cansahcab | YUCATÁN: Cantamayec | YUCATÁN: Celestún | YUCATÁN: Cenotillo | YUCATÁN: Chacsinkín | YUCATÁN: Chankom | YUCATÁN: Chapab | YUCATÁN: Chemax | YUCATÁN: Chichimilá | YUCATÁN: Chicxulub Pueblo | YUCATÁN: Chikindzonot | YUCATÁN: Chocholá | YUCATÁN: Chumayel | YUCATÁN: Conkal | YUCATÁN: Cuncunul | YUCATÁN: Cuzamá | YUCATÁN: Dzan | YUCATÁN: Dzemul | YUCATÁN: Dzidzantún | YUCATÁN: Dzilam González | YUCATÁN: Dzilam de Bravo | YUCATÁN: Dzitás | YUCATÁN: Dzoncauich | YUCATÁN: Espita | YUCATÁN: Halachó | YUCATÁN: Hocabá | YUCATÁN: Hoctún | YUCATÁN: Homún | YUCATÁN: Huhí | YUCATÁN: Hunucmá | YUCATÁN: Ixil | YUCATÁN: Izamal | YUCATÁN: Kanasín | YUCATÁN: Kantunil | YUCATÁN: Kaua | YUCATÁN: Kinchil | YUCATÁN: Kopomá | YUCATÁN: Mama | YUCATÁN: Maní | YUCATÁN: Maxcanú | YUCATÁN: Mayapán | YUCATÁN: Mérida | YUCATÁN: Mocochá | YUCATÁN: Motul | YUCATÁN: Muna | YUCATÁN: Muxupip | YUCATÁN: Opichén | YUCATÁN: Oxkutzcab | YUCATÁN: Panabá | YUCATÁN: Peto | YUCATÁN: Progreso | YUCATÁN: Quintana Roo | YUCATÁN: Río Lagartos | YUCATÁN: Sacalum | YUCATÁN: Samahil | YUCATÁN: San Felipe | YUCATÁN: Sanahcat | YUCATÁN: Santa Elena | YUCATÁN: Seyé | YUCATÁN: Sinanché | YUCATÁN: Sotuta | YUCATÁN: Sucilá | YUCATÁN: Sudzal | YUCATÁN: Suma | YUCATÁN: Tahdziú | YUCATÁN: Tahmek | YUCATÁN: Teabo | YUCATÁN: Tecoh | YUCATÁN: Tekal de Venegas | YUCATÁN: Tekantó | YUCATÁN: Tekax | YUCATÁN: Tekit | YUCATÁN: Tekom | YUCATÁN: Telchac Pueblo | YUCATÁN: Telchac Puerto | YUCATÁN: Temax | YUCATÁN: Temozón | YUCATÁN: Tepakán | YUCATÁN: Tetiz | YUCATÁN: Teya | YUCATÁN: Ticul | YUCATÁN: Timucuy | YUCATÁN: Tinum | YUCATÁN: Tixcacalcupul | YUCATÁN: Tixkokob | YUCATÁN: Tixméhuac | YUCATÁN: Tixpehual | YUCATÁN: Tizimín | YUCATÁN: Tunkás | YUCATÁN: Tzucacab | YUCATÁN: Uayma | YUCATÁN: Yaxkukul | YUCATÁN: Yobaín,4195
maya,qato'k,mocho',mocho',CHIAPAS,CHIAPAS: Motozintla,1
maya,qato'k,tuzanteco,muchu',CHIAPAS,CHIAPAS: Tuzantán,2
maya,Q'anjob'al,Q'anjob'al,K'anjob'al,CAMPECHE | CHIAPAS | QUINTANA ROO,CAMPECHE: Campeche | CAMPECHE: Champotón | CHIAPAS: Amatenango de la Frontera | CHIAPAS: Catazajá | CHIAPAS: Bella Vista | CHIAPAS: Frontera Comalapa | CHIAPAS: La Independencia | CHIAPAS: La Trinitaria | CHIAPAS: Las Margaritas | CHIAPAS: Maravilla Tenejapa | QUINTANA ROO: Othón P. Blanco,136
maya,Q'eqchi',Q'eqchi',Q'eqchi',CAMPECHE | QUINTANA ROO,CAMPECHE: Campeche | CAMPECHE: Champotón | QUINTANA ROO: Othón P. Blanco,8
maya,Teko,Teko,Qyool (de Tectitán) | B'a'aj,CHIAPAS,CHIAPAS: Amatenango de la Frontera | CHIAPAS: Frontera Comalapa | CHIAPAS: Mazapa de Madero,18
maya,tojolabal,tojolabal,tojol-ab'al,CHIAPAS,CHIAPAS: Altamirano | CHIAPAS: Comitán de Domínguez | CHIAPAS: La | CHIAPAS: Independencia | CHIAPAS: La Trinitaria | CHIAPAS: Las Margaritas | CHIAPAS: Maravilla Tenejapa | CHIAPAS: Ocosingo,379
maya,tseltal,tseltal del occidente,bats'il k'op (del occidente),CHIAPAS,CHIAPAS: Acala | CHIAPAS: Aldama | CHIAPAS: Amatenango del Valle | CHIAPAS: Bochil | CHIAPAS: Chalchihuitán | CHIAPAS: Chamula | CHIAPAS: Chanal | CHIAPAS: Chenalhó | CHIAPAS: Chiapa de Corzo | CHIAPAS: Chiapilla | CHIAPAS: Comitán de Domínguez | CHIAPAS: El | CHIAPAS: Bosque | CHIAPAS: Huitiupán | CHIAPAS: Huixtán | CHIAPAS: Ixtapa | CHIAPAS: Jitotol | CHIAPAS: Larráinzar | CHIAPAS: Osumacinta | CHIAPAS: Oxchuc | CHIAPAS: Pantelhó | CHIAPAS: Pueblo Nuevo Solistahuacán | CHIAPAS: San Cristóbal de las Casas | CHIAPAS: San Juan Cancuc | CHIAPAS: San Lucas | CHIAPAS: Simojovel | CHIAPAS: Soyaló | CHIAPAS: Tenejapa | CHIAPAS: Teopisca | CHIAPAS: Totolapa | CHIAPAS: Tuxtla Gutiérrez | CHIAPAS: Zinacantán,682
maya,tseltal,tseltal del norte,bats'il k'op (del norte),CHIAPAS | TABASCO,CHIAPAS: Catazajá | CHIAPAS: Chilón | CHIAPAS: La Libertad | CHIAPAS: Ocosingo | CHIAPAS: Palenque | CHIAPAS: Sabanilla | CHIAPAS: Salto de Agua | CHIAPAS: Sitalá | CHIAPAS: Tila | CHIAPAS: Tumbalá | CHIAPAS: Yajalón | TABASCO: Emiliano Zapata,1027
maya,tseltal,tseltal del oriente,bats'il k'op (del oriente),CHIAPAS | TABASCO,CHIAPAS: Altamirano | CHIAPAS: Benemérito de las Américas | CHIAPAS: La Indepedencia | CHIAPAS: Las Margaritas | CHIAPAS: Maravilla Tenejapa | CHIAPAS: Marqués de Comillas | CHIAPAS: Ocosingo | TABASCO: Balancán | TABASCO: Tenosique,752
maya,tseltal,tseltal del sur,bats'il k'op (del sur),CHIAPAS,CHIAPAS: Ángel Albino Corzo | CHIAPAS: Chicomuselo | CHIAPAS: Cintalapa | CHIAPAS: Frontera Comalapa | CHIAPAS: La Concordia | CHIAPAS: Las Rosas | CHIAPAS: La Trinitaria | CHIAPAS: Montecristo de Guerrero | CHIAPAS: Socoltenango | CHIAPAS: Tzimol | CHIAPAS: Venustiano Carranza,344
maya,tsotsil,tsotsil del este alto,bats'i k'op (del este alto),CHIAPAS,CHIAPAS: Huixtán | CHIAPAS: Las Margaritas,32
maya,tsotsil,tsotsil del noroeste,bats'i k'op (del noroeste),CHIAPAS,CHIAPAS: Aldama | CHIAPAS: Chalchihuitán | CHIAPAS: Chenalhó | CHIAPAS: Mitontic | CHIAPAS: Pantelhó,182
maya,tsotsil,tsotsil del norte bajo,bats'i k'op (del norte bajo),CHIAPAS,CHIAPAS: Acala | CHIAPAS: Totolapa | CHIAPAS: Venustiano Carranza,64
maya,tsotsil,tsotsil del centro,bats'i k'op (del centro),CHIAPAS,CHIAPAS: Chamula | CHIAPAS: Las Margaritas | CHIAPAS: Teopisca,171
maya,tsotsil,tsotsil del este bajo,bats'i k'op (del este bajo),CHIAPAS,CHIAPAS: Berriozabal | CHIAPAS: Ixtapa | CHIAPAS: San Lucas | CHIAPAS: Zinacantán,111
maya,tsotsil,tsotsil del norte alto,bats'i k'op (del norte alto),CHIAPAS,CHIAPAS: Amatán | CHIAPAS: Bochil | CHIAPAS: El Bosque | CHIAPAS: Huitiupán | CHIAPAS: Ixhuatán | CHIAPAS: Jitotol | CHIAPAS: Larráinzar | CHIAPAS: Ocozocoautla de Espinosa | CHIAPAS: Pueblo Nuevo Solistahuacán | CHIAPAS: Sabanilla | CHIAPAS: San Andrés Duraznal | CHIAPAS: Santiago el Pinar | CHIAPAS: Simojovel | CHIAPAS: Soyaló,665
maya,tsotsil,tsotsil de los Altos,bats'i k'op (de los Altos),CHIAPAS,CHIAPAS: San Cristóbal de las Casas,74
totonaco-tepehua,tepehua,tepehua del sur,lhiimaqalhqama' | lhiima'alh'ama',HIDALGO | PUEBLA,HIDALGO: Huehuetla | PUEBLA: Pantepec,40
totonaco-tepehua,tepehua,tepehua del norte,lhichiwíin,VERACRUZ DE IGNACIO DE LA LLAVE,VERACRUZ DE IGNACIO DE LA LLAVE: Ixhuatlán de Madero,26
totonaco-tepehua,tepehua,tepehua del oeste,lhiimaasipijni | liimaasipijni,VERACRUZ DE IGNACIO DE LA LLAVE,VERACRUZ DE IGNACIO DE LA LLAVE: Tlachichilco | VERACRUZ DE IGNACIO DE LA LLAVE: Zontecomatlán de López y Fuentes,30
totonaco-tepehua,totonaco,totonaco del sureste,laakanaachiwíin,VERACRUZ DE IGNACIO DE LA LLAVE,VERACRUZ DE IGNACIO DE LA LLAVE: Chiconquiaco | VERACRUZ DE IGNACIO DE LA LLAVE: Jilotepec | VERACRUZ DE IGNACIO DE LA LLAVE: Landero y Coss | VERACRUZ DE IGNACIO DE LA LLAVE: Misantla | VERACRUZ DE IGNACIO DE LA LLAVE: Naolinco | VERACRUZ DE IGNACIO DE LA LLAVE: Yecuatla,61
totonaco-tepehua,totonaco,totonaco central del norte,tachaqawaxti | tutunakuj | tachiwiin,PUEBLA | VERACRUZ DE IGNACIO DE LA LLAVE,PUEBLA: Francisco Z. Mena | PUEBLA: Huauchinango | PUEBLA: Jalpan | PUEBLA: Naupan | PUEBLA: Pantepec | PUEBLA: Tlacuilotepec | PUEBLA: Tlaola | PUEBLA: Tlaxco | PUEBLA: Venustiano Carranza | PUEBLA: Xicotepec | PUEBLA: Zihuateutla | VERACRUZ DE IGNACIO DE LA LLAVE: Ixhuatlán de Madero,367
totonaco-tepehua,totonaco,totonaco del cerro Xinolatépetl,kintachiuinkan,PUEBLA,PUEBLA: Huauchinango,6
totonaco-tepehua,totonaco,totonaco central alto,tutunáku (central alto),VERACRUZ DE IGNACIO DE LA LLAVE,VERACRUZ DE IGNACIO DE LA LLAVE: Filomeno Mata,10
totonaco-tepehua,totonaco,totonaco de la costa,lichiwin tutunaku,VERACRUZ DE IGNACIO DE LA LLAVE,VERACRUZ DE IGNACIO DE LA LLAVE: Cazones | VERACRUZ DE IGNACIO DE LA LLAVE: Coatzintla | VERACRUZ DE IGNACIO DE LA LLAVE: Espinal | VERACRUZ DE IGNACIO DE LA LLAVE: Gutiérrez Zamora | VERACRUZ DE IGNACIO DE LA LLAVE: Martínez de la Torre | VERACRUZ DE IGNACIO DE LA LLAVE: Papantla | VERACRUZ DE IGNACIO DE LA LLAVE: Poza Rica de Hidalgo | VERACRUZ DE IGNACIO DE LA LLAVE: Tecolutla | VERACRUZ DE IGNACIO DE LA LLAVE: Tenampulco | VERACRUZ DE IGNACIO DE LA LLAVE: Tihuatlán | VERACRUZ DE IGNACIO DE LA LLAVE: Tuxpam,803
totonaco-tepehua,totonaco,totonaco del río Necaxa,totonaco (del río Necaxa),PUEBLA,PUEBLA: Jopala | PUEBLA: Zihuateutla,4
totonaco-tepehua,totonaco,totonaco central del sur,tutunáku (central del sur) | tutunakú | totonaco (central del sur),PUEBLA | VERACRUZ DE IGNACIO DE LA LLAVE,PUEBLA: Ahuacatlán | PUEBLA: Amixtlán | PUEBLA: Atlequizayán | PUEBLA: Camocuautla | PUEBLA: Caxhuacan | PUEBLA: Coatepec | PUEBLA: Cuetzalan del Progreso | PUEBLA: Hermenegildo | PUEBLA: Galeana | PUEBLA: Huehuetla | PUEBLA: Hueytamalco | PUEBLA: Hueytlalpan | PUEBLA: Huitzilan de Serdán | PUEBLA: Ixtepec | PUEBLA: Jonotla | PUEBLA: Jopala | PUEBLA: Nauzontla | PUEBLA: Olintla | PUEBLA: San Felipe Tepatlán | PUEBLA: Tepango de Rodríguez | PUEBLA: Tepetzintla | PUEBLA: Tuzamapan de Galeana | PUEBLA: Zacapoaxtla | PUEBLA: Zapotitlán de Méndez | PUEBLA: Zongozotla | VERACRUZ DE IGNACIO DE LA LLAVE: Chumatlán | VERACRUZ DE IGNACIO DE LA LLAVE: Coahuitlán | VERACRUZ DE IGNACIO DE LA LLAVE: Coxquihui | VERACRUZ DE IGNACIO DE LA LLAVE: Coyutla | VERACRUZ DE IGNACIO DE LA LLAVE: Mecatlán | VERACRUZ DE IGNACIO DE LA LLAVE: Zozocolco de Hidalgo,340
tarasca,tarasco,purépecha,p'urhepecha | p'orhepecha,MICHOACÁN DE OCAMPO,MICHOACÁN DE OCAMPO: Coeneo | MICHOACÁN DE OCAMPO: Charapan | MICHOACÁN DE OCAMPO: Cherán | MICHOACÁN DE OCAMPO: Chilchota | MICHOACÁN DE OCAMPO: Erongarícuaro | MICHOACÁN DE OCAMPO: Los Reyes | MICHOACÁN DE OCAMPO: Morelia | MICHOACÁN DE OCAMPO: Nahuatzen | MICHOACÁN DE OCAMPO: Nuevo Parangaricutiro | MICHOACÁN DE OCAMPO: Paracho | MICHOACÁN DE OCAMPO: Pátzcuaro | MICHOACÁN DE OCAMPO: Quiroga | MICHOACÁN DE OCAMPO: Tangamandapio | MICHOACÁN DE OCAMPO: Tangancícuaro | MICHOACÁN DE OCAMPO: Tingambato | MICHOACÁN DE OCAMPO: Tinguindín | MICHOACÁN DE OCAMPO: Tzintzuntzan | MICHOACÁN DE OCAMPO: Uruapan | MICHOACÁN DE OCAMPO: Zacapu,357
mixe-zoque,ayapaneco,ayapaneco,numte oote,TABASCO,TABASCO: Jalpa de Méndez,3
mixe-zoque,mixe,mixe alto del norte,ayöök,OAXACA,OAXACA: Santa María Tlahuitoltepec | OAXACA: Santo Domingo Roayaga | OAXACA: Totontepec Villa de Morelos,20
mixe-zoque,mixe,mixe alto del centro,ayuujk (alto del centro),OAXACA,OAXACA: San Pedro y San Pablo Ayutla | OAXACA: Santa María Tlahuitoltepec | OAXACA: Tamazulapam del Espíritu Santo,85
mixe-zoque,mixe,mixe alto del sur,ayuujk,OAXACA,OAXACA: Mixistlán de la Reforma | OAXACA: Santa María Tepantlali | OAXACA: Santo Domingo Tepuxtepec,44
mixe-zoque,mixe,mixe medio del este,ayuuk (medio del este),OAXACA,OAXACA: San Juan Cotzocón | OAXACA: San Juan Juquila Mixes | OAXACA: San Miguel Quetzaltepec | OAXACA: San Pedro Ocotepec | OAXACA: Santa María Alotepec | OAXACA: Santiago Atitlán | OAXACA: Santiago Zacatepec,114
mixe-zoque,mixe,mixe medio del oeste,eyuk,OAXACA,OAXACA: Asunción Cacalotepec | OAXACA: Santa María Alotepec,15
mixe-zoque,mixe,mixe bajo,ayuk,OAXACA,OAXACA: Camotlán | OAXACA: Coatlán | OAXACA: Matías Romero | OAXACA: Mazatlán | OAXACA: San Juan Guichicovi | OAXACA: Santo Domingo Petapa | OAXACA: Santo Domingo Tehuantepec,166
mixe-zoque,oluteco,oluteco,yaakaw+,VERACRUZ DE IGNACIO DE LA LLAVE,VERACRUZ DE IGNACIO DE LA LLAVE: Oluta,7
mixe-zoque,popoluca de la sierra,popoluca de la Sierra,nuntaj±yi' | nunta anh+maatyi,VERACRUZ DE IGNACIO DE LA LLAVE,VERACRUZ DE IGNACIO DE LA LLAVE: Hueyapan de Ocampo | VERACRUZ DE IGNACIO DE LA LLAVE: Soteapan | VERACRUZ DE IGNACIO DE LA LLAVE: Tatahuicapan de Juárez,89
mixe-zoque,sayulteco,sayulteco,t+kmaya' | yámay,VERACRUZ DE IGNACIO DE LA LLAVE,VERACRUZ DE IGNACIO DE LA LLAVE: Sayula de Alemán,56
mixe-zoque,texistepequeño,texistepequeño,wää 'oot,VERACRUZ DE IGNACIO DE LA LLAVE,VERACRUZ DE IGNACIO DE LA LLAVE: Texistepec,10
mixe-zoque,zoque,zoque del centro,tsuni (del centro),CHIAPAS,CHIAPAS: Copainalá | CHIAPAS: Ostuacán | CHIAPAS: Tecpatán,212
mixe-zoque,zoque,zoque del sur,tsuni (del sur),CHIAPAS,CHIAPAS: Ocozocuautla | CHIAPAS: Tuxtla Gutiérrez,12
mixe-zoque,zoque,zoque del este,ode (del este),CHIAPAS,CHIAPAS: Ixhuatán | CHIAPAS: Ocotepec | CHIAPAS: Tapilula,75
mixe-zoque,zoque,zoque del norte alto,ore (del norte alto),CHIAPAS,CHIAPAS: Amatán | CHIAPAS: Chapultenango | CHIAPAS: Ixtacomitán | CHIAPAS: Juárez | CHIAPAS: Pichucalco | CHIAPAS: Reforma | CHIAPAS: Solosuchiapa,101
mixe-zoque,zoque,zoque del norte bajo,ode (del norte bajo),CHIAPAS,CHIAPAS: Ocotepec | CHIAPAS: Pantepec | CHIAPAS: Rayón | CHIAPAS: Tapalapa,105
mixe-zoque,zoque,zoque del noroeste,ote,CHIAPAS,CHIAPAS: Francisco León,39
mixe-zoque,zoque,zoque del sureste,ore (del sureste),CHIAPAS,CHIAPAS: Jitotol,26
mixe-zoque,zoque,zoque del oeste,angpø'n | angpø'n tsaame,OAXACA,OAXACA: San Miguel Chimalapas | OAXACA: Santa María Chimalapas,34
chontal de Oaxaca,chontal de Oaxaca,chontal de Oaxaca alto,tsame,OAXACA,OAXACA: Asunción Tlacolulita | OAXACA: Magdalena Tequisistlán | OAXACA: San Carlos Yautepec | OAXACA: San Miguel Tenango | OAXACA: Santa María Ecatepec | OAXACA: Santa María Quiegolani | OAXACA: Santo Domingo Tehuantepec,53
chontal de Oaxaca,chontal de Oaxaca,chontal de Oaxaca bajo,tsome,OAXACA,OAXACA: Santa María Ecatepec,4
chontal de Oaxaca,chontal de Oaxaca,chontal de Oaxaca de la costa,lajltyaygi,OAXACA,OAXACA: San Pedro Huamelula | OAXACA: Santiago Astata | OAXACA: Santo Domingo Tehuantepec,23
huave,huave,huave del oeste,ombeayiüts,OAXACA,OAXACA: Juchitán de Zaragoza | OAXACA: San Mateo del Mar,20
huave,huave,huave del este,ombeyajts,OAXACA,OAXACA: San Dionisio del Mar | OAXACA: San Francisco del Mar,14
