anio,criterio,sexo,grupo,bloque,indicador,pct,millones,carencias,fuente
2016,pertenencia,Total,Indígena,Pobreza,Pobreza,72.9878,8.238916,2.887,"CONEVAL, anexo estadístico 2022, cuadro 16"
2016,pertenencia,Total,Resto,Pobreza,Pobreza,40.1641,43.982141,2.1171,"CONEVAL, anexo estadístico 2022, cuadro 16"
2018,pertenencia,Total,Indígena,Pobreza,Pobreza,70.3108,8.345411,2.93,"CONEVAL, anexo estadístico 2022, cuadro 16"
2018,pertenencia,Total,Resto,Pobreza,Pobreza,38.8945,43.545469,2.1266,"CONEVAL, anexo estadístico 2022, cuadro 16"
2020,pertenencia,Total,Indígena,Pobreza,Pobreza,73.1786,8.536401,3.0457,"CONEVAL, anexo estadístico 2022, cuadro 16"
2020,pertenencia,Total,Resto,Pobreza,Pobreza,40.9446,47.117824,2.2549,"CONEVAL, anexo estadístico 2022, cuadro 16"
2022,pertenencia,Total,Indígena,Pobreza,Pobreza,65.2466,8.291565,3.3485,"CONEVAL, anexo estadístico 2022, cuadro 16"
2022,pertenencia,Total,Resto,Pobreza,Pobreza,33.1495,38.512945,2.4337,"CONEVAL, anexo estadístico 2022, cuadro 16"
2016,pertenencia,Total,Indígena,Pobreza,Pobreza moderada,45.3691,5.121302,2.3857,"CONEVAL, anexo estadístico 2022, cuadro 16"
2016,pertenencia,Total,Resto,Pobreza,Pobreza moderada,35.025,38.354499,1.9108,"CONEVAL, anexo estadístico 2022, cuadro 16"
2018,pertenencia,Total,Indígena,Pobreza,Pobreza moderada,43.1803,5.125207,2.3745,"CONEVAL, anexo estadístico 2022, cuadro 16"
2018,pertenencia,Total,Resto,Pobreza,Pobreza moderada,34.0032,38.069265,1.926,"CONEVAL, anexo estadístico 2022, cuadro 16"
2020,pertenencia,Total,Indígena,Pobreza,Pobreza moderada,43.9963,5.132236,2.5363,"CONEVAL, anexo estadístico 2022, cuadro 16"
2020,pertenencia,Total,Resto,Pobreza,Pobreza moderada,34.5238,39.729002,2.0134,"CONEVAL, anexo estadístico 2022, cuadro 16"
2022,pertenencia,Total,Indígena,Pobreza,Pobreza moderada,38.9743,4.952867,2.8592,"CONEVAL, anexo estadístico 2022, cuadro 16"
2022,pertenencia,Total,Resto,Pobreza,Pobreza moderada,28.1875,32.74813,2.2143,"CONEVAL, anexo estadístico 2022, cuadro 16"
2016,pertenencia,Total,Indígena,Pobreza,Pobreza extrema,27.6186,3.117614,3.7105,"CONEVAL, anexo estadístico 2022, cuadro 16"
2016,pertenencia,Total,Resto,Pobreza,Pobreza extrema,5.1391,5.627642,3.5226,"CONEVAL, anexo estadístico 2022, cuadro 16"
2018,pertenencia,Total,Indígena,Pobreza,Pobreza extrema,27.1305,3.220204,3.8141,"CONEVAL, anexo estadístico 2022, cuadro 16"
2018,pertenencia,Total,Resto,Pobreza,Pobreza extrema,4.8913,5.476204,3.5215,"CONEVAL, anexo estadístico 2022, cuadro 16"
2020,pertenencia,Total,Indígena,Pobreza,Pobreza extrema,29.1823,3.404165,3.8137,"CONEVAL, anexo estadístico 2022, cuadro 16"
2020,pertenencia,Total,Resto,Pobreza,Pobreza extrema,6.4208,7.388822,3.5535,"CONEVAL, anexo estadístico 2022, cuadro 16"
2022,pertenencia,Total,Indígena,Pobreza,Pobreza extrema,26.2723,3.338698,4.0744,"CONEVAL, anexo estadístico 2022, cuadro 16"
2022,pertenencia,Total,Resto,Pobreza,Pobreza extrema,4.962,5.764815,3.6804,"CONEVAL, anexo estadístico 2022, cuadro 16"
2016,pertenencia,Total,Indígena,Pobreza,Vulnerable por carencias sociales,17.3988,1.96399,2.1796,"CONEVAL, anexo estadístico 2022, cuadro 16"
2016,pertenencia,Total,Resto,Pobreza,Vulnerable por carencias sociales,26.0648,28.542533,1.7289,"CONEVAL, anexo estadístico 2022, cuadro 16"
2018,pertenencia,Total,Indígena,Pobreza,Vulnerable por carencias sociales,19.3266,2.293935,2.1862,"CONEVAL, anexo estadístico 2022, cuadro 16"
2018,pertenencia,Total,Resto,Pobreza,Vulnerable por carencias sociales,27.1887,30.439884,1.7453,"CONEVAL, anexo estadístico 2022, cuadro 16"
2020,pertenencia,Total,Indígena,Pobreza,Vulnerable por carencias sociales,17.5759,2.050261,2.3816,"CONEVAL, anexo estadístico 2022, cuadro 16"
2020,pertenencia,Total,Resto,Pobreza,Vulnerable por carencias sociales,24.3239,27.991183,1.8586,"CONEVAL, anexo estadístico 2022, cuadro 16"
2022,pertenencia,Total,Indígena,Pobreza,Vulnerable por carencias sociales,24.485,3.111564,2.5972,"CONEVAL, anexo estadístico 2022, cuadro 16"
2022,pertenencia,Total,Resto,Pobreza,Vulnerable por carencias sociales,29.9533,34.7996,1.9714,"CONEVAL, anexo estadístico 2022, cuadro 16"
2016,pertenencia,Total,Indígena,Pobreza,Vulnerable por ingresos,2.7026,0.305066,0.0,"CONEVAL, anexo estadístico 2022, cuadro 16"
2016,pertenencia,Total,Resto,Pobreza,Vulnerable por ingresos,8.0518,8.817155,0.0,"CONEVAL, anexo estadístico 2022, cuadro 16"
2018,pertenencia,Total,Indígena,Pobreza,Vulnerable por ingresos,3.1753,0.376887,0.0,"CONEVAL, anexo estadístico 2022, cuadro 16"
2018,pertenencia,Total,Resto,Pobreza,Vulnerable por ingresos,8.4876,9.502571,0.0,"CONEVAL, anexo estadístico 2022, cuadro 16"
2020,pertenencia,Total,Indígena,Pobreza,Vulnerable por ingresos,2.9753,0.347068,0.0,"CONEVAL, anexo estadístico 2022, cuadro 16"
2020,pertenencia,Total,Resto,Pobreza,Vulnerable por ingresos,9.4588,10.884962,0.0,"CONEVAL, anexo estadístico 2022, cuadro 16"
2022,pertenencia,Total,Indígena,Pobreza,Vulnerable por ingresos,2.801,0.355947,0.0,"CONEVAL, anexo estadístico 2022, cuadro 16"
2022,pertenencia,Total,Resto,Pobreza,Vulnerable por ingresos,7.6981,8.943606,0.0,"CONEVAL, anexo estadístico 2022, cuadro 16"
2016,pertenencia,Total,Indígena,Pobreza,No pobre y no vulnerable,6.9109,0.780107,0.0,"CONEVAL, anexo estadístico 2022, cuadro 16"
2016,pertenencia,Total,Resto,Pobreza,No pobre y no vulnerable,25.7193,28.164234,0.0,"CONEVAL, anexo estadístico 2022, cuadro 16"
2018,pertenencia,Total,Indígena,Pobreza,No pobre y no vulnerable,7.1873,0.853084,0.0,"CONEVAL, anexo estadístico 2022, cuadro 16"
2018,pertenencia,Total,Resto,Pobreza,No pobre y no vulnerable,25.4291,28.469874,0.0,"CONEVAL, anexo estadístico 2022, cuadro 16"
2020,pertenencia,Total,Indígena,Pobreza,No pobre y no vulnerable,6.2702,0.731425,0.0,"CONEVAL, anexo estadístico 2022, cuadro 16"
2020,pertenencia,Total,Resto,Pobreza,No pobre y no vulnerable,25.2727,29.083094,0.0,"CONEVAL, anexo estadístico 2022, cuadro 16"
2022,pertenencia,Total,Indígena,Pobreza,No pobre y no vulnerable,7.4675,0.94897,0.0,"CONEVAL, anexo estadístico 2022, cuadro 16"
2022,pertenencia,Total,Resto,Pobreza,No pobre y no vulnerable,29.1992,33.923462,0.0,"CONEVAL, anexo estadístico 2022, cuadro 16"
2016,pertenencia,Total,Indígena,Privación social,Al menos una carencia social,90.3866,10.202906,2.7508,"CONEVAL, anexo estadístico 2022, cuadro 16"
2016,pertenencia,Total,Resto,Privación social,Al menos una carencia social,66.2289,72.524674,1.9643,"CONEVAL, anexo estadístico 2022, cuadro 16"
2018,pertenencia,Total,Indígena,Privación social,Al menos una carencia social,89.6374,10.639346,2.7696,"CONEVAL, anexo estadístico 2022, cuadro 16"
2018,pertenencia,Total,Resto,Privación social,Al menos una carencia social,66.0833,73.985353,1.9697,"CONEVAL, anexo estadístico 2022, cuadro 16"
2020,pertenencia,Total,Indígena,Privación social,Al menos una carencia social,90.7546,10.586662,2.9171,"CONEVAL, anexo estadístico 2022, cuadro 16"
2020,pertenencia,Total,Resto,Privación social,Al menos una carencia social,65.2684,75.109007,2.1072,"CONEVAL, anexo estadístico 2022, cuadro 16"
2022,pertenencia,Total,Indígena,Privación social,Al menos una carencia social,89.7316,11.403129,3.1435,"CONEVAL, anexo estadístico 2022, cuadro 16"
2022,pertenencia,Total,Resto,Privación social,Al menos una carencia social,63.1028,73.312545,2.2143,"CONEVAL, anexo estadístico 2022, cuadro 16"
2016,pertenencia,Total,Indígena,Privación social,Tres o más carencias sociales,50.4878,5.699102,3.6429,"CONEVAL, anexo estadístico 2022, cuadro 16"
2016,pertenencia,Total,Resto,Privación social,Tres o más carencias sociales,16.8501,18.451827,3.4109,"CONEVAL, anexo estadístico 2022, cuadro 16"
2018,pertenencia,Total,Indígena,Privación social,Tres o más carencias sociales,50.3357,5.974502,3.6705,"CONEVAL, anexo estadístico 2022, cuadro 16"
2018,pertenencia,Total,Resto,Privación social,Tres o más carencias sociales,16.9598,18.987808,3.421,"CONEVAL, anexo estadístico 2022, cuadro 16"
2020,pertenencia,Total,Indígena,Privación social,Tres o más carencias sociales,55.1883,6.437795,3.7256,"CONEVAL, anexo estadístico 2022, cuadro 16"
2020,pertenencia,Total,Resto,Privación social,Tres o más carencias sociales,19.7458,22.722883,3.4503,"CONEVAL, anexo estadístico 2022, cuadro 16"
2022,pertenencia,Total,Indígena,Privación social,Tres o más carencias sociales,59.957,7.619362,3.8874,"CONEVAL, anexo estadístico 2022, cuadro 16"
2022,pertenencia,Total,Resto,Privación social,Tres o más carencias sociales,21.0336,24.436711,3.4957,"CONEVAL, anexo estadístico 2022, cuadro 16"
2016,pertenencia,Total,Indígena,Carencias,Rezago educativo,32.7652,3.698565,3.4849,"CONEVAL, anexo estadístico 2022, cuadro 16"
2016,pertenencia,Total,Resto,Carencias,Rezago educativo,16.9857,18.600412,2.6026,"CONEVAL, anexo estadístico 2022, cuadro 16"
2018,pertenencia,Total,Indígena,Carencias,Rezago educativo,33.4916,3.975225,3.5123,"CONEVAL, anexo estadístico 2022, cuadro 16"
2018,pertenencia,Total,Resto,Carencias,Rezago educativo,17.462,19.550037,2.6188,"CONEVAL, anexo estadístico 2022, cuadro 16"
2020,pertenencia,Total,Indígena,Carencias,Rezago educativo,35.1049,4.095043,3.5876,"CONEVAL, anexo estadístico 2022, cuadro 16"
2020,pertenencia,Total,Resto,Carencias,Rezago educativo,17.6424,20.302354,2.6961,"CONEVAL, anexo estadístico 2022, cuadro 16"
2022,pertenencia,Total,Indígena,Carencias,Rezago educativo,35.3101,4.487226,3.8203,"CONEVAL, anexo estadístico 2022, cuadro 16"
2022,pertenencia,Total,Resto,Carencias,Rezago educativo,17.705,20.569557,2.7869,"CONEVAL, anexo estadístico 2022, cuadro 16"
2016,pertenencia,Total,Indígena,Carencias,Acceso a los servicios de salud,15.0842,1.702715,3.5888,"CONEVAL, anexo estadístico 2022, cuadro 16"
2016,pertenencia,Total,Resto,Carencias,Acceso a los servicios de salud,15.6008,17.083859,2.6556,"CONEVAL, anexo estadístico 2022, cuadro 16"
2018,pertenencia,Total,Indígena,Carencias,Acceso a los servicios de salud,15.3487,1.821785,3.514,"CONEVAL, anexo estadístico 2022, cuadro 16"
2018,pertenencia,Total,Resto,Carencias,Acceso a los servicios de salud,16.2827,18.229754,2.6649,"CONEVAL, anexo estadístico 2022, cuadro 16"
2020,pertenencia,Total,Indígena,Carencias,Acceso a los servicios de salud,32.7974,3.825871,3.5893,"CONEVAL, anexo estadístico 2022, cuadro 16"
2020,pertenencia,Total,Resto,Carencias,Acceso a los servicios de salud,27.6798,31.853114,2.733,"CONEVAL, anexo estadístico 2022, cuadro 16"
2022,pertenencia,Total,Indígena,Carencias,Acceso a los servicios de salud,56.929,7.234566,3.6571,"CONEVAL, anexo estadístico 2022, cuadro 16"
2022,pertenencia,Total,Resto,Carencias,Acceso a los servicios de salud,37.1401,43.149178,2.73,"CONEVAL, anexo estadístico 2022, cuadro 16"
2016,pertenencia,Total,Indígena,Carencias,Acceso a la seguridad social,79.2263,8.943125,2.921,"CONEVAL, anexo estadístico 2022, cuadro 16"
2016,pertenencia,Total,Resto,Carencias,Acceso a la seguridad social,51.5262,56.424334,2.1633,"CONEVAL, anexo estadístico 2022, cuadro 16"
2018,pertenencia,Total,Indígena,Carencias,Acceso a la seguridad social,77.7585,9.229408,2.9543,"CONEVAL, anexo estadístico 2022, cuadro 16"
2018,pertenencia,Total,Resto,Carencias,Acceso a la seguridad social,50.8867,56.971669,2.1795,"CONEVAL, anexo estadístico 2022, cuadro 16"
2020,pertenencia,Total,Indígena,Carencias,Acceso a la seguridad social,77.1587,9.000677,3.1246,"CONEVAL, anexo estadístico 2022, cuadro 16"
2020,pertenencia,Total,Resto,Carencias,Acceso a la seguridad social,49.5023,56.96584,2.3658,"CONEVAL, anexo estadístico 2022, cuadro 16"
2022,pertenencia,Total,Indígena,Carencias,Acceso a la seguridad social,75.0163,9.533103,3.405,"CONEVAL, anexo estadístico 2022, cuadro 16"
2022,pertenencia,Total,Resto,Carencias,Acceso a la seguridad social,47.4675,55.147587,2.5074,"CONEVAL, anexo estadístico 2022, cuadro 16"
2016,pertenencia,Total,Indígena,Carencias,Calidad y espacios de la vivienda,30.0754,3.394938,3.637,"CONEVAL, anexo estadístico 2022, cuadro 16"
2016,pertenencia,Total,Resto,Carencias,Calidad y espacios de la vivienda,10.1122,11.073482,2.9769,"CONEVAL, anexo estadístico 2022, cuadro 16"
2018,pertenencia,Total,Indígena,Carencias,Calidad y espacios de la vivienda,28.371,3.367439,3.7217,"CONEVAL, anexo estadístico 2022, cuadro 16"
2018,pertenencia,Total,Resto,Carencias,Calidad y espacios de la vivienda,9.1584,10.25352,3.0115,"CONEVAL, anexo estadístico 2022, cuadro 16"
2020,pertenencia,Total,Indígena,Carencias,Calidad y espacios de la vivienda,25.6394,2.990871,3.8971,"CONEVAL, anexo estadístico 2022, cuadro 16"
2020,pertenencia,Total,Resto,Carencias,Calidad y espacios de la vivienda,7.6669,8.822828,3.1679,"CONEVAL, anexo estadístico 2022, cuadro 16"
2022,pertenencia,Total,Indígena,Carencias,Calidad y espacios de la vivienda,26.3998,3.354893,4.1828,"CONEVAL, anexo estadístico 2022, cuadro 16"
2022,pertenencia,Total,Resto,Carencias,Calidad y espacios de la vivienda,7.1535,8.310862,3.3409,"CONEVAL, anexo estadístico 2022, cuadro 16"
2016,pertenencia,Total,Indígena,Carencias,Servicios básicos en la vivienda,56.0729,6.329555,3.248,"CONEVAL, anexo estadístico 2022, cuadro 16"
2016,pertenencia,Total,Resto,Carencias,Servicios básicos en la vivienda,15.3556,16.815339,2.8762,"CONEVAL, anexo estadístico 2022, cuadro 16"
2018,pertenencia,Total,Indígena,Carencias,Servicios básicos en la vivienda,57.3756,6.810092,3.2776,"CONEVAL, anexo estadístico 2022, cuadro 16"
2018,pertenencia,Total,Resto,Carencias,Servicios básicos en la vivienda,15.599,17.464253,2.8704,"CONEVAL, anexo estadístico 2022, cuadro 16"
2020,pertenencia,Total,Indígena,Carencias,Servicios básicos en la vivienda,57.8723,6.750896,3.3741,"CONEVAL, anexo estadístico 2022, cuadro 16"
2020,pertenencia,Total,Resto,Carencias,Servicios básicos en la vivienda,13.8809,15.973789,3.0411,"CONEVAL, anexo estadístico 2022, cuadro 16"
2022,pertenencia,Total,Indígena,Carencias,Servicios básicos en la vivienda,57.9548,7.36492,3.6407,"CONEVAL, anexo estadístico 2022, cuadro 16"
2022,pertenencia,Total,Resto,Carencias,Servicios básicos en la vivienda,13.4123,15.582396,3.2067,"CONEVAL, anexo estadístico 2022, cuadro 16"
2016,pertenencia,Total,Indígena,Carencias,Alimentación nutritiva y de calidad,35.4134,3.997491,3.4357,"CONEVAL, anexo estadístico 2022, cuadro 16"
2016,pertenencia,Total,Resto,Carencias,Alimentación nutritiva y de calidad,20.5128,22.462807,2.4867,"CONEVAL, anexo estadístico 2022, cuadro 16"
2018,pertenencia,Total,Indígena,Carencias,Alimentación nutritiva y de calidad,35.9165,4.26304,3.4833,"CONEVAL, anexo estadístico 2022, cuadro 16"
2018,pertenencia,Total,Resto,Carencias,Alimentación nutritiva y de calidad,20.778,23.262643,2.4907,"CONEVAL, anexo estadístico 2022, cuadro 16"
2020,pertenencia,Total,Indígena,Carencias,Alimentación nutritiva y de calidad,36.1693,4.219209,3.5863,"CONEVAL, anexo estadístico 2022, cuadro 16"
2020,pertenencia,Total,Resto,Carencias,Alimentación nutritiva y de calidad,21.1606,24.351047,2.5891,"CONEVAL, anexo estadístico 2022, cuadro 16"
2022,pertenencia,Total,Indígena,Carencias,Alimentación nutritiva y de calidad,30.4617,3.871091,3.9666,"CONEVAL, anexo estadístico 2022, cuadro 16"
2022,pertenencia,Total,Resto,Carencias,Alimentación nutritiva y de calidad,16.8471,19.572842,2.7324,"CONEVAL, anexo estadístico 2022, cuadro 16"
2016,pertenencia,Total,Indígena,Bienestar económico,Ingreso inferior a la línea de pobreza extrema,38.79,4.378649,3.1434,"CONEVAL, anexo estadístico 2022, cuadro 16"
2016,pertenencia,Total,Resto,Bienestar económico,Ingreso inferior a la línea de pobreza extrema,12.3977,13.57619,2.3019,"CONEVAL, anexo estadístico 2022, cuadro 16"
2018,pertenencia,Total,Indígena,Bienestar económico,Ingreso inferior a la línea de pobreza extrema,36.2324,4.300539,3.2904,"CONEVAL, anexo estadístico 2022, cuadro 16"
2018,pertenencia,Total,Resto,Bienestar económico,Ingreso inferior a la línea de pobreza extrema,11.6438,13.036155,2.2953,"CONEVAL, anexo estadístico 2022, cuadro 16"
2020,pertenencia,Total,Indígena,Bienestar económico,Ingreso inferior a la línea de pobreza extrema,41.2931,4.816909,3.1887,"CONEVAL, anexo estadístico 2022, cuadro 16"
2020,pertenencia,Total,Resto,Bienestar económico,Ingreso inferior a la línea de pobreza extrema,14.8072,17.039705,2.3484,"CONEVAL, anexo estadístico 2022, cuadro 16"
2022,pertenencia,Total,Indígena,Bienestar económico,Ingreso inferior a la línea de pobreza extrema,31.7848,4.039224,3.6564,"CONEVAL, anexo estadístico 2022, cuadro 16"
2022,pertenencia,Total,Resto,Bienestar económico,Ingreso inferior a la línea de pobreza extrema,9.9008,11.502686,2.5843,"CONEVAL, anexo estadístico 2022, cuadro 16"
2016,pertenencia,Total,Indígena,Bienestar económico,Ingreso inferior a la línea de pobreza,75.6903,8.543982,2.7839,"CONEVAL, anexo estadístico 2022, cuadro 16"
2016,pertenencia,Total,Resto,Bienestar económico,Ingreso inferior a la línea de pobreza,48.2159,52.799296,1.7635,"CONEVAL, anexo estadístico 2022, cuadro 16"
2018,pertenencia,Total,Indígena,Bienestar económico,Ingreso inferior a la línea de pobreza,73.4861,8.722298,2.8034,"CONEVAL, anexo estadístico 2022, cuadro 16"
2018,pertenencia,Total,Resto,Bienestar económico,Ingreso inferior a la línea de pobreza,47.3822,53.04804,1.7457,"CONEVAL, anexo estadístico 2022, cuadro 16"
2020,pertenencia,Total,Indígena,Bienestar económico,Ingreso inferior a la línea de pobreza,76.1539,8.883469,2.9268,"CONEVAL, anexo estadístico 2022, cuadro 16"
2020,pertenencia,Total,Resto,Bienestar económico,Ingreso inferior a la línea de pobreza,50.4034,58.002786,1.8317,"CONEVAL, anexo estadístico 2022, cuadro 16"
2022,pertenencia,Total,Indígena,Bienestar económico,Ingreso inferior a la línea de pobreza,68.0475,8.647512,3.2107,"CONEVAL, anexo estadístico 2022, cuadro 16"
2022,pertenencia,Total,Resto,Bienestar económico,Ingreso inferior a la línea de pobreza,40.8476,47.456551,1.9751,"CONEVAL, anexo estadístico 2022, cuadro 16"
2016,lengua,Total,Indígena,Pobreza,Pobreza,78.6061,5.365127,3.0654,"CONEVAL, anexo estadístico 2022, cuadro 17"
2016,lengua,Total,Resto,Pobreza,Pobreza,40.5991,43.953304,2.1434,"CONEVAL, anexo estadístico 2022, cuadro 17"
2018,lengua,Total,Indígena,Pobreza,Pobreza,75.8409,5.288215,3.1603,"CONEVAL, anexo estadístico 2022, cuadro 17"
2018,lengua,Total,Resto,Pobreza,Pobreza,39.3318,43.829151,2.1539,"CONEVAL, anexo estadístico 2022, cuadro 17"
2020,lengua,Total,Indígena,Pobreza,Pobreza,76.7727,5.269129,3.2472,"CONEVAL, anexo estadístico 2022, cuadro 17"
2020,lengua,Total,Resto,Pobreza,Pobreza,41.5212,47.772395,2.2841,"CONEVAL, anexo estadístico 2022, cuadro 17"
2022,lengua,Total,Indígena,Pobreza,Pobreza,68.8677,5.192975,3.5715,"CONEVAL, anexo estadístico 2022, cuadro 17"
2022,lengua,Total,Resto,Pobreza,Pobreza,33.7785,39.490647,2.4685,"CONEVAL, anexo estadístico 2022, cuadro 17"
2016,lengua,Total,Indígena,Pobreza,Pobreza moderada,43.8976,2.996157,2.5312,"CONEVAL, anexo estadístico 2022, cuadro 17"
2016,lengua,Total,Resto,Pobreza,Pobreza moderada,35.1896,38.096855,1.9293,"CONEVAL, anexo estadístico 2022, cuadro 17"
2018,lengua,Total,Indígena,Pobreza,Pobreza moderada,40.7331,2.840225,2.5566,"CONEVAL, anexo estadístico 2022, cuadro 17"
2018,lengua,Total,Resto,Pobreza,Pobreza moderada,34.1597,38.065674,1.9438,"CONEVAL, anexo estadístico 2022, cuadro 17"
2020,lengua,Total,Indígena,Pobreza,Pobreza moderada,41.0454,2.817059,2.7074,"CONEVAL, anexo estadístico 2022, cuadro 17"
2020,lengua,Total,Resto,Pobreza,Pobreza moderada,34.7273,39.955583,2.0333,"CONEVAL, anexo estadístico 2022, cuadro 17"
2022,lengua,Total,Indígena,Pobreza,Pobreza moderada,36.8669,2.779954,3.051,"CONEVAL, anexo estadístico 2022, cuadro 17"
2022,lengua,Total,Resto,Pobreza,Pobreza moderada,28.5079,33.328729,2.2405,"CONEVAL, anexo estadístico 2022, cuadro 17"
2016,lengua,Total,Indígena,Pobreza,Pobreza extrema,34.7085,2.36897,3.741,"CONEVAL, anexo estadístico 2022, cuadro 17"
2016,lengua,Total,Resto,Pobreza,Pobreza extrema,5.4095,5.856449,3.5363,"CONEVAL, anexo estadístico 2022, cuadro 17"
2018,lengua,Total,Indígena,Pobreza,Pobreza extrema,35.1078,2.44799,3.8606,"CONEVAL, anexo estadístico 2022, cuadro 17"
2018,lengua,Total,Resto,Pobreza,Pobreza extrema,5.1721,5.763477,3.5418,"CONEVAL, anexo estadístico 2022, cuadro 17"
2020,lengua,Total,Indígena,Pobreza,Pobreza extrema,35.7274,2.45207,3.8674,"CONEVAL, anexo estadístico 2022, cuadro 17"
2020,lengua,Total,Resto,Pobreza,Pobreza extrema,6.794,7.816812,3.566,"CONEVAL, anexo estadístico 2022, cuadro 17"
2022,lengua,Total,Indígena,Pobreza,Pobreza extrema,32.0008,2.413021,4.1711,"CONEVAL, anexo estadístico 2022, cuadro 17"
2022,lengua,Total,Resto,Pobreza,Pobreza extrema,5.2706,6.161918,3.7017,"CONEVAL, anexo estadístico 2022, cuadro 17"
2016,lengua,Total,Indígena,Pobreza,Vulnerable por carencias sociales,15.2008,1.037505,2.3332,"CONEVAL, anexo estadístico 2022, cuadro 17"
2016,lengua,Total,Resto,Pobreza,Vulnerable por carencias sociales,26.1626,28.324012,1.7401,"CONEVAL, anexo estadístico 2022, cuadro 17"
2018,lengua,Total,Indígena,Pobreza,Vulnerable por carencias sociales,17.1732,1.197451,2.3095,"CONEVAL, anexo estadístico 2022, cuadro 17"
2018,lengua,Total,Resto,Pobreza,Vulnerable por carencias sociales,27.287,30.407169,1.7584,"CONEVAL, anexo estadístico 2022, cuadro 17"
2020,lengua,Total,Indígena,Pobreza,Vulnerable por carencias sociales,17.2673,1.185106,2.5236,"CONEVAL, anexo estadístico 2022, cuadro 17"
2020,lengua,Total,Resto,Pobreza,Vulnerable por carencias sociales,24.3351,27.998835,1.8686,"CONEVAL, anexo estadístico 2022, cuadro 17"
2022,lengua,Total,Indígena,Pobreza,Vulnerable por carencias sociales,24.148,1.820886,2.7712,"CONEVAL, anexo estadístico 2022, cuadro 17"
2022,lengua,Total,Resto,Pobreza,Vulnerable por carencias sociales,29.9696,35.037573,1.9843,"CONEVAL, anexo estadístico 2022, cuadro 17"
2016,lengua,Total,Indígena,Pobreza,Vulnerable por ingresos,1.3384,0.09135,0.0,"CONEVAL, anexo estadístico 2022, cuadro 17"
2016,lengua,Total,Resto,Pobreza,Vulnerable por ingresos,7.8479,8.496284,0.0,"CONEVAL, anexo estadístico 2022, cuadro 17"
2018,lengua,Total,Indígena,Pobreza,Vulnerable por ingresos,1.8758,0.130798,0.0,"CONEVAL, anexo estadístico 2022, cuadro 17"
2018,lengua,Total,Resto,Pobreza,Vulnerable por ingresos,8.257,9.201093,0.0,"CONEVAL, anexo estadístico 2022, cuadro 17"
2020,lengua,Total,Indígena,Pobreza,Vulnerable por ingresos,1.5659,0.107474,0.0,"CONEVAL, anexo estadístico 2022, cuadro 17"
2020,lengua,Total,Resto,Pobreza,Vulnerable por ingresos,9.2293,10.618795,0.0,"CONEVAL, anexo estadístico 2022, cuadro 17"
2022,lengua,Total,Indígena,Pobreza,Vulnerable por ingresos,1.6758,0.126363,0.0,"CONEVAL, anexo estadístico 2022, cuadro 17"
2022,lengua,Total,Resto,Pobreza,Vulnerable por ingresos,7.5017,8.770329,0.0,"CONEVAL, anexo estadístico 2022, cuadro 17"
2016,lengua,Total,Indígena,Pobreza,No pobre y no vulnerable,4.8547,0.331347,0.0,"CONEVAL, anexo estadístico 2022, cuadro 17"
2016,lengua,Total,Resto,Pobreza,No pobre y no vulnerable,25.3904,27.488056,0.0,"CONEVAL, anexo estadístico 2022, cuadro 17"
2018,lengua,Total,Indígena,Pobreza,No pobre y no vulnerable,5.11,0.35631,0.0,"CONEVAL, anexo estadístico 2022, cuadro 17"
2018,lengua,Total,Resto,Pobreza,No pobre y no vulnerable,25.1242,27.997066,0.0,"CONEVAL, anexo estadístico 2022, cuadro 17"
2020,lengua,Total,Indígena,Pobreza,No pobre y no vulnerable,4.394,0.301573,0.0,"CONEVAL, anexo estadístico 2022, cuadro 17"
2020,lengua,Total,Resto,Pobreza,No pobre y no vulnerable,24.9144,28.66535,0.0,"CONEVAL, anexo estadístico 2022, cuadro 17"
2022,lengua,Total,Indígena,Pobreza,No pobre y no vulnerable,5.3085,0.400287,0.0,"CONEVAL, anexo estadístico 2022, cuadro 17"
2022,lengua,Total,Resto,Pobreza,No pobre y no vulnerable,28.7502,33.611948,0.0,"CONEVAL, anexo estadístico 2022, cuadro 17"
2016,lengua,Total,Indígena,Privación social,Al menos una carencia social,93.8069,6.402632,2.9467,"CONEVAL, anexo estadístico 2022, cuadro 17"
2016,lengua,Total,Resto,Privación social,Al menos una carencia social,66.7617,72.277316,1.9853,"CONEVAL, anexo estadístico 2022, cuadro 17"
2018,lengua,Total,Indígena,Privación social,Al menos una carencia social,93.0141,6.485666,3.0032,"CONEVAL, anexo estadístico 2022, cuadro 17"
2018,lengua,Total,Resto,Privación social,Al menos una carencia social,66.6188,74.23632,1.9919,"CONEVAL, anexo estadístico 2022, cuadro 17"
2020,lengua,Total,Indígena,Privación social,Al menos una carencia social,94.0401,6.454235,3.1144,"CONEVAL, anexo estadístico 2022, cuadro 17"
2020,lengua,Total,Resto,Privación social,Al menos una carencia social,65.8563,75.77123,2.1305,"CONEVAL, anexo estadístico 2022, cuadro 17"
2022,lengua,Total,Indígena,Privación social,Al menos una carencia social,93.0157,7.013861,3.3637,"CONEVAL, anexo estadístico 2022, cuadro 17"
2022,lengua,Total,Resto,Privación social,Al menos una carencia social,63.7481,74.52822,2.2409,"CONEVAL, anexo estadístico 2022, cuadro 17"
2016,lengua,Total,Indígena,Privación social,Tres o más carencias sociales,59.411,4.054993,3.6807,"CONEVAL, anexo estadístico 2022, cuadro 17"
2016,lengua,Total,Resto,Privación social,Tres o más carencias sociales,17.5137,18.960666,3.4241,"CONEVAL, anexo estadístico 2022, cuadro 17"
2018,lengua,Total,Indígena,Privación social,Tres o más carencias sociales,60.3383,4.207252,3.7293,"CONEVAL, anexo estadístico 2022, cuadro 17"
2018,lengua,Total,Resto,Privación social,Tres o más carencias sociales,17.6772,19.698475,3.432,"CONEVAL, anexo estadístico 2022, cuadro 17"
2020,lengua,Total,Indígena,Privación social,Tres o más carencias sociales,63.9485,4.388967,3.7829,"CONEVAL, anexo estadístico 2022, cuadro 17"
2020,lengua,Total,Resto,Privación social,Tres o más carencias sociales,20.5427,23.635505,3.4626,"CONEVAL, anexo estadístico 2022, cuadro 17"
2022,lengua,Total,Indígena,Privación social,Tres o más carencias sociales,68.1869,5.141641,3.9863,"CONEVAL, anexo estadístico 2022, cuadro 17"
2022,lengua,Total,Resto,Privación social,Tres o más carencias sociales,21.9675,25.682315,3.5122,"CONEVAL, anexo estadístico 2022, cuadro 17"
2016,lengua,Total,Indígena,Carencias,Rezago educativo,44.4389,3.033101,3.5268,"CONEVAL, anexo estadístico 2022, cuadro 17"
2016,lengua,Total,Resto,Carencias,Rezago educativo,17.7957,19.265876,2.6265,"CONEVAL, anexo estadístico 2022, cuadro 17"
2018,lengua,Total,Indígena,Carencias,Rezago educativo,45.8046,3.193849,3.562,"CONEVAL, anexo estadístico 2022, cuadro 17"
2018,lengua,Total,Resto,Carencias,Rezago educativo,18.2452,20.331413,2.6454,"CONEVAL, anexo estadístico 2022, cuadro 17"
2020,lengua,Total,Indígena,Carencias,Rezago educativo,46.9635,3.223239,3.6227,"CONEVAL, anexo estadístico 2022, cuadro 17"
2020,lengua,Total,Resto,Carencias,Rezago educativo,18.4034,21.174158,2.7275,"CONEVAL, anexo estadístico 2022, cuadro 17"
2022,lengua,Total,Indígena,Carencias,Rezago educativo,46.3944,3.498372,3.8844,"CONEVAL, anexo estadístico 2022, cuadro 17"
2022,lengua,Total,Resto,Carencias,Rezago educativo,18.4401,21.558411,2.8239,"CONEVAL, anexo estadístico 2022, cuadro 17"
2016,lengua,Total,Indígena,Carencias,Acceso a los servicios de salud,13.272,0.905859,3.8289,"CONEVAL, anexo estadístico 2022, cuadro 17"
2016,lengua,Total,Resto,Carencias,Acceso a los servicios de salud,15.5022,16.782934,2.6785,"CONEVAL, anexo estadístico 2022, cuadro 17"
2018,lengua,Total,Indígena,Carencias,Acceso a los servicios de salud,13.2183,0.921679,3.8434,"CONEVAL, anexo estadístico 2022, cuadro 17"
2018,lengua,Total,Resto,Carencias,Acceso a los servicios de salud,16.1357,17.980788,2.6888,"CONEVAL, anexo estadístico 2022, cuadro 17"
2020,lengua,Total,Indígena,Carencias,Acceso a los servicios de salud,30.9358,2.123214,3.8398,"CONEVAL, anexo estadístico 2022, cuadro 17"
2020,lengua,Total,Resto,Carencias,Acceso a los servicios de salud,27.6996,31.869931,2.7596,"CONEVAL, anexo estadístico 2022, cuadro 17"
2022,lengua,Total,Indígena,Carencias,Acceso a los servicios de salud,59.3713,4.476899,3.881,"CONEVAL, anexo estadístico 2022, cuadro 17"
2022,lengua,Total,Resto,Carencias,Acceso a los servicios de salud,37.4356,43.766188,2.7633,"CONEVAL, anexo estadístico 2022, cuadro 17"
2016,lengua,Total,Indígena,Carencias,Acceso a la seguridad social,84.168,5.744746,3.0987,"CONEVAL, anexo estadístico 2022, cuadro 17"
2016,lengua,Total,Resto,Carencias,Acceso a la seguridad social,51.9015,56.189391,2.1888,"CONEVAL, anexo estadístico 2022, cuadro 17"
2018,lengua,Total,Indígena,Carencias,Acceso a la seguridad social,82.6693,5.764342,3.1747,"CONEVAL, anexo estadístico 2022, cuadro 17"
2018,lengua,Total,Resto,Carencias,Acceso a la seguridad social,51.3107,57.177788,2.2052,"CONEVAL, anexo estadístico 2022, cuadro 17"
2020,lengua,Total,Indígena,Carencias,Acceso a la seguridad social,80.8659,5.550058,3.3145,"CONEVAL, anexo estadístico 2022, cuadro 17"
2020,lengua,Total,Resto,Carencias,Acceso a la seguridad social,49.9803,57.505031,2.3927,"CONEVAL, anexo estadístico 2022, cuadro 17"
2022,lengua,Total,Indígena,Carencias,Acceso a la seguridad social,77.5475,5.847478,3.6384,"CONEVAL, anexo estadístico 2022, cuadro 17"
2022,lengua,Total,Resto,Carencias,Acceso a la seguridad social,47.9894,56.104683,2.5393,"CONEVAL, anexo estadístico 2022, cuadro 17"
2016,lengua,Total,Indígena,Carencias,Calidad y espacios de la vivienda,32.8556,2.242502,3.7838,"CONEVAL, anexo estadístico 2022, cuadro 17"
2016,lengua,Total,Resto,Carencias,Calidad y espacios de la vivienda,10.3178,11.170178,3.0188,"CONEVAL, anexo estadístico 2022, cuadro 17"
2018,lengua,Total,Indígena,Carencias,Calidad y espacios de la vivienda,32.302,2.252345,3.9026,"CONEVAL, anexo estadístico 2022, cuadro 17"
2018,lengua,Total,Resto,Carencias,Calidad y espacios de la vivienda,9.35,10.419094,3.0584,"CONEVAL, anexo estadístico 2022, cuadro 17"
2020,lengua,Total,Indígena,Carencias,Calidad y espacios de la vivienda,28.8351,1.979031,4.0795,"CONEVAL, anexo estadístico 2022, cuadro 17"
2020,lengua,Total,Resto,Carencias,Calidad y espacios de la vivienda,7.893,9.081316,3.2127,"CONEVAL, anexo estadístico 2022, cuadro 17"
2022,lengua,Total,Indígena,Carencias,Calidad y espacios de la vivienda,29.563,2.229202,4.3816,"CONEVAL, anexo estadístico 2022, cuadro 17"
2022,lengua,Total,Resto,Carencias,Calidad y espacios de la vivienda,7.448,8.707492,3.391,"CONEVAL, anexo estadístico 2022, cuadro 17"
2016,lengua,Total,Indígena,Carencias,Servicios básicos en la vivienda,64.3954,4.395201,3.3391,"CONEVAL, anexo estadístico 2022, cuadro 17"
2016,lengua,Total,Resto,Carencias,Servicios básicos en la vivienda,16.1193,17.451068,2.8964,"CONEVAL, anexo estadístico 2022, cuadro 17"
2018,lengua,Total,Indígena,Carencias,Servicios básicos en la vivienda,66.3886,4.629125,3.4128,"CONEVAL, anexo estadístico 2022, cuadro 17"
2018,lengua,Total,Resto,Carencias,Servicios básicos en la vivienda,16.497,18.383344,2.8873,"CONEVAL, anexo estadístico 2022, cuadro 17"
2020,lengua,Total,Indígena,Carencias,Servicios básicos en la vivienda,67.418,4.627087,3.4705,"CONEVAL, anexo estadístico 2022, cuadro 17"
2020,lengua,Total,Resto,Carencias,Servicios básicos en la vivienda,14.7701,16.993813,3.0568,"CONEVAL, anexo estadístico 2022, cuadro 17"
2022,lengua,Total,Indígena,Carencias,Servicios básicos en la vivienda,66.5922,5.021391,3.7797,"CONEVAL, anexo estadístico 2022, cuadro 17"
2022,lengua,Total,Resto,Carencias,Servicios básicos en la vivienda,14.4204,16.858957,3.2217,"CONEVAL, anexo estadístico 2022, cuadro 17"
2016,lengua,Total,Indígena,Carencias,Alimentación nutritiva y de calidad,37.2935,2.545403,3.6472,"CONEVAL, anexo estadístico 2022, cuadro 17"
2016,lengua,Total,Resto,Carencias,Alimentación nutritiva y de calidad,20.9088,22.636187,2.5179,"CONEVAL, anexo estadístico 2022, cuadro 17"
2018,lengua,Total,Indígena,Carencias,Alimentación nutritiva y de calidad,38.9571,2.71639,3.7329,"CONEVAL, anexo estadístico 2022, cuadro 17"
2018,lengua,Total,Resto,Carencias,Alimentación nutritiva y de calidad,21.1614,23.581099,2.5211,"CONEVAL, anexo estadístico 2022, cuadro 17"
2020,lengua,Total,Indígena,Carencias,Alimentación nutritiva y de calidad,37.8573,2.598255,3.8216,"CONEVAL, anexo estadístico 2022, cuadro 17"
2020,lengua,Total,Resto,Carencias,Alimentación nutritiva y de calidad,21.563,24.809365,2.6218,"CONEVAL, anexo estadístico 2022, cuadro 17"
2022,lengua,Total,Indígena,Carencias,Alimentación nutritiva y de calidad,33.4104,2.519318,4.1774,"CONEVAL, anexo estadístico 2022, cuadro 17"
2022,lengua,Total,Resto,Carencias,Alimentación nutritiva y de calidad,17.1167,20.011217,2.7741,"CONEVAL, anexo estadístico 2022, cuadro 17"
2016,lengua,Total,Indígena,Bienestar económico,Ingreso inferior a la línea de pobreza extrema,46.432,3.169137,3.2504,"CONEVAL, anexo estadístico 2022, cuadro 17"
2016,lengua,Total,Resto,Bienestar económico,Ingreso inferior a la línea de pobreza extrema,12.6061,13.647567,2.3445,"CONEVAL, anexo estadístico 2022, cuadro 17"
2018,lengua,Total,Indígena,Bienestar económico,Ingreso inferior a la línea de pobreza extrema,44.3598,3.093112,3.4267,"CONEVAL, anexo estadístico 2022, cuadro 17"
2018,lengua,Total,Resto,Bienestar económico,Ingreso inferior a la línea de pobreza extrema,11.8264,13.178635,2.3473,"CONEVAL, anexo estadístico 2022, cuadro 17"
2020,lengua,Total,Indígena,Bienestar económico,Ingreso inferior a la línea de pobreza extrema,46.4,3.184564,3.3803,"CONEVAL, anexo estadístico 2022, cuadro 17"
2020,lengua,Total,Resto,Bienestar económico,Ingreso inferior a la línea de pobreza extrema,15.2701,17.569104,2.3835,"CONEVAL, anexo estadístico 2022, cuadro 17"
2022,lengua,Total,Indígena,Bienestar económico,Ingreso inferior a la línea de pobreza extrema,36.9457,2.785897,3.8425,"CONEVAL, anexo estadístico 2022, cuadro 17"
2022,lengua,Total,Resto,Bienestar económico,Ingreso inferior a la línea de pobreza extrema,10.1562,11.873705,2.6357,"CONEVAL, anexo estadístico 2022, cuadro 17"
2016,lengua,Total,Indígena,Bienestar económico,Ingreso inferior a la línea de pobreza,79.9445,5.456477,3.0141,"CONEVAL, anexo estadístico 2022, cuadro 17"
2016,lengua,Total,Resto,Bienestar económico,Ingreso inferior a la línea de pobreza,48.4471,52.449588,1.7962,"CONEVAL, anexo estadístico 2022, cuadro 17"
2018,lengua,Total,Indígena,Bienestar económico,Ingreso inferior a la línea de pobreza,77.7167,5.419013,3.084,"CONEVAL, anexo estadístico 2022, cuadro 17"
2018,lengua,Total,Resto,Bienestar económico,Ingreso inferior a la línea de pobreza,47.5887,53.030244,1.7802,"CONEVAL, anexo estadístico 2022, cuadro 17"
2020,lengua,Total,Indígena,Bienestar económico,Ingreso inferior a la línea de pobreza,78.3387,5.376603,3.1823,"CONEVAL, anexo estadístico 2022, cuadro 17"
2020,lengua,Total,Resto,Bienestar económico,Ingreso inferior a la línea de pobreza,50.7505,58.39119,1.8687,"CONEVAL, anexo estadístico 2022, cuadro 17"
2022,lengua,Total,Indígena,Bienestar económico,Ingreso inferior a la línea de pobreza,70.5435,5.319338,3.4866,"CONEVAL, anexo estadístico 2022, cuadro 17"
2022,lengua,Total,Resto,Bienestar económico,Ingreso inferior a la línea de pobreza,41.2803,48.260976,2.0199,"CONEVAL, anexo estadístico 2022, cuadro 17"
2016,pertenencia,Mujeres,Indígena,Pobreza,Pobreza,74.1808,4.309049,2.8821,"CONEVAL, anexo estadístico 2022, cuadro 23"
2016,pertenencia,Hombres,Indígena,Pobreza,Pobreza,71.723,3.929867,2.8923,"CONEVAL, anexo estadístico 2022, cuadro 23"
2018,pertenencia,Mujeres,Indígena,Pobreza,Pobreza,71.121,4.278843,2.916,"CONEVAL, anexo estadístico 2022, cuadro 23"
2018,pertenencia,Hombres,Indígena,Pobreza,Pobreza,69.478,4.066568,2.9447,"CONEVAL, anexo estadístico 2022, cuadro 23"
2020,pertenencia,Mujeres,Indígena,Pobreza,Pobreza,74.3271,4.455472,3.0374,"CONEVAL, anexo estadístico 2022, cuadro 23"
2020,pertenencia,Hombres,Indígena,Pobreza,Pobreza,71.9646,4.080929,3.0549,"CONEVAL, anexo estadístico 2022, cuadro 23"
2022,pertenencia,Mujeres,Indígena,Pobreza,Pobreza,65.9617,4.346147,3.34,"CONEVAL, anexo estadístico 2022, cuadro 23"
2022,pertenencia,Hombres,Indígena,Pobreza,Pobreza,64.4766,3.945418,3.3579,"CONEVAL, anexo estadístico 2022, cuadro 23"
2016,pertenencia,Mujeres,Indígena,Pobreza,Pobreza moderada,46.0812,2.676789,2.3677,"CONEVAL, anexo estadístico 2022, cuadro 23"
2016,pertenencia,Hombres,Indígena,Pobreza,Pobreza moderada,44.6142,2.444513,2.4053,"CONEVAL, anexo estadístico 2022, cuadro 23"
2018,pertenencia,Mujeres,Indígena,Pobreza,Pobreza moderada,43.6914,2.628599,2.3591,"CONEVAL, anexo estadístico 2022, cuadro 23"
2018,pertenencia,Hombres,Indígena,Pobreza,Pobreza moderada,42.655,2.496608,2.3907,"CONEVAL, anexo estadístico 2022, cuadro 23"
2020,pertenencia,Mujeres,Indígena,Pobreza,Pobreza moderada,44.5147,2.668394,2.5341,"CONEVAL, anexo estadístico 2022, cuadro 23"
2020,pertenencia,Hombres,Indígena,Pobreza,Pobreza moderada,43.4483,2.463842,2.5388,"CONEVAL, anexo estadístico 2022, cuadro 23"
2022,pertenencia,Mujeres,Indígena,Pobreza,Pobreza moderada,39.1847,2.581838,2.8475,"CONEVAL, anexo estadístico 2022, cuadro 23"
2022,pertenencia,Hombres,Indígena,Pobreza,Pobreza moderada,38.7477,2.371029,2.872,"CONEVAL, anexo estadístico 2022, cuadro 23"
2016,pertenencia,Mujeres,Indígena,Pobreza,Pobreza extrema,28.0995,1.63226,3.7258,"CONEVAL, anexo estadístico 2022, cuadro 23"
2016,pertenencia,Hombres,Indígena,Pobreza,Pobreza extrema,27.1088,1.485354,3.6938,"CONEVAL, anexo estadístico 2022, cuadro 23"
2018,pertenencia,Mujeres,Indígena,Pobreza,Pobreza extrema,27.4296,1.650244,3.8031,"CONEVAL, anexo estadístico 2022, cuadro 23"
2018,pertenencia,Hombres,Indígena,Pobreza,Pobreza extrema,26.823,1.56996,3.8256,"CONEVAL, anexo estadístico 2022, cuadro 23"
2020,pertenencia,Mujeres,Indígena,Pobreza,Pobreza extrema,29.8124,1.787078,3.789,"CONEVAL, anexo estadístico 2022, cuadro 23"
2020,pertenencia,Hombres,Indígena,Pobreza,Pobreza extrema,28.5163,1.617087,3.8411,"CONEVAL, anexo estadístico 2022, cuadro 23"
2022,pertenencia,Mujeres,Indígena,Pobreza,Pobreza extrema,26.777,1.764309,4.0608,"CONEVAL, anexo estadístico 2022, cuadro 23"
2022,pertenencia,Hombres,Indígena,Pobreza,Pobreza extrema,25.7289,1.574389,4.0896,"CONEVAL, anexo estadístico 2022, cuadro 23"
2016,pertenencia,Mujeres,Indígena,Pobreza,Vulnerable por carencias sociales,16.6833,0.969106,2.1425,"CONEVAL, anexo estadístico 2022, cuadro 23"
2016,pertenencia,Hombres,Indígena,Pobreza,Vulnerable por carencias sociales,18.1574,0.994884,2.2157,"CONEVAL, anexo estadístico 2022, cuadro 23"
2018,pertenencia,Mujeres,Indígena,Pobreza,Vulnerable por carencias sociales,18.7378,1.12732,2.1116,"CONEVAL, anexo estadístico 2022, cuadro 23"
2018,pertenencia,Hombres,Indígena,Pobreza,Vulnerable por carencias sociales,19.9318,1.166615,2.2583,"CONEVAL, anexo estadístico 2022, cuadro 23"
2020,pertenencia,Mujeres,Indígena,Pobreza,Vulnerable por carencias sociales,16.6938,1.000696,2.3111,"CONEVAL, anexo estadístico 2022, cuadro 23"
2020,pertenencia,Hombres,Indígena,Pobreza,Vulnerable por carencias sociales,18.5084,1.049565,2.4488,"CONEVAL, anexo estadístico 2022, cuadro 23"
2022,pertenencia,Mujeres,Indígena,Pobreza,Vulnerable por carencias sociales,23.9812,1.580096,2.5737,"CONEVAL, anexo estadístico 2022, cuadro 23"
2022,pertenencia,Hombres,Indígena,Pobreza,Vulnerable por carencias sociales,25.0275,1.531468,2.6215,"CONEVAL, anexo estadístico 2022, cuadro 23"
2016,pertenencia,Mujeres,Indígena,Pobreza,Vulnerable por ingresos,2.6209,0.152246,0.0,"CONEVAL, anexo estadístico 2022, cuadro 23"
2016,pertenencia,Hombres,Indígena,Pobreza,Vulnerable por ingresos,2.7891,0.15282,0.0,"CONEVAL, anexo estadístico 2022, cuadro 23"
2018,pertenencia,Mujeres,Indígena,Pobreza,Vulnerable por ingresos,3.3468,0.201354,0.0,"CONEVAL, anexo estadístico 2022, cuadro 23"
2018,pertenencia,Hombres,Indígena,Pobreza,Vulnerable por ingresos,2.999,0.175533,0.0,"CONEVAL, anexo estadístico 2022, cuadro 23"
2020,pertenencia,Mujeres,Indígena,Pobreza,Vulnerable por ingresos,2.9536,0.177051,0.0,"CONEVAL, anexo estadístico 2022, cuadro 23"
2020,pertenencia,Hombres,Indígena,Pobreza,Vulnerable por ingresos,2.9981,0.170017,0.0,"CONEVAL, anexo estadístico 2022, cuadro 23"
2022,pertenencia,Mujeres,Indígena,Pobreza,Vulnerable por ingresos,2.7237,0.179462,0.0,"CONEVAL, anexo estadístico 2022, cuadro 23"
2022,pertenencia,Hombres,Indígena,Pobreza,Vulnerable por ingresos,2.8841,0.176485,0.0,"CONEVAL, anexo estadístico 2022, cuadro 23"
2016,pertenencia,Mujeres,Indígena,Pobreza,No pobre y no vulnerable,6.515,0.378448,0.0,"CONEVAL, anexo estadístico 2022, cuadro 23"
2016,pertenencia,Hombres,Indígena,Pobreza,No pobre y no vulnerable,7.3306,0.401659,0.0,"CONEVAL, anexo estadístico 2022, cuadro 23"
2018,pertenencia,Mujeres,Indígena,Pobreza,No pobre y no vulnerable,6.7944,0.408768,0.0,"CONEVAL, anexo estadístico 2022, cuadro 23"
2018,pertenencia,Hombres,Indígena,Pobreza,No pobre y no vulnerable,7.5912,0.444316,0.0,"CONEVAL, anexo estadístico 2022, cuadro 23"
2020,pertenencia,Mujeres,Indígena,Pobreza,No pobre y no vulnerable,6.0254,0.36119,0.0,"CONEVAL, anexo estadístico 2022, cuadro 23"
2020,pertenencia,Hombres,Indígena,Pobreza,No pobre y no vulnerable,6.5289,0.370235,0.0,"CONEVAL, anexo estadístico 2022, cuadro 23"
2022,pertenencia,Mujeres,Indígena,Pobreza,No pobre y no vulnerable,7.3334,0.483192,0.0,"CONEVAL, anexo estadístico 2022, cuadro 23"
2022,pertenencia,Hombres,Indígena,Pobreza,No pobre y no vulnerable,7.6118,0.465778,0.0,"CONEVAL, anexo estadístico 2022, cuadro 23"
2016,pertenencia,Mujeres,Indígena,Privación social,Al menos una carencia social,90.864,5.278155,2.7463,"CONEVAL, anexo estadístico 2022, cuadro 23"
2016,pertenencia,Hombres,Indígena,Privación social,Al menos una carencia social,89.8803,4.924751,2.7556,"CONEVAL, anexo estadístico 2022, cuadro 23"
2018,pertenencia,Mujeres,Indígena,Privación social,Al menos una carencia social,89.8588,5.406163,2.7483,"CONEVAL, anexo estadístico 2022, cuadro 23"
2018,pertenencia,Hombres,Indígena,Privación social,Al menos una carencia social,89.4098,5.233183,2.7917,"CONEVAL, anexo estadístico 2022, cuadro 23"
2020,pertenencia,Mujeres,Indígena,Privación social,Al menos una carencia social,91.0209,5.456168,2.9042,"CONEVAL, anexo estadístico 2022, cuadro 23"
2020,pertenencia,Hombres,Indígena,Privación social,Al menos una carencia social,90.473,5.130494,2.9309,"CONEVAL, anexo estadístico 2022, cuadro 23"
2022,pertenencia,Mujeres,Indígena,Privación social,Al menos una carencia social,89.9429,5.926243,3.1357,"CONEVAL, anexo estadístico 2022, cuadro 23"
2022,pertenencia,Hombres,Indígena,Privación social,Al menos una carencia social,89.504,5.476886,3.152,"CONEVAL, anexo estadístico 2022, cuadro 23"
2016,pertenencia,Mujeres,Indígena,Privación social,Tres o más carencias sociales,50.9664,2.960559,3.6345,"CONEVAL, anexo estadístico 2022, cuadro 23"
2016,pertenencia,Hombres,Indígena,Privación social,Tres o más carencias sociales,49.9804,2.738543,3.652,"CONEVAL, anexo estadístico 2022, cuadro 23"
2018,pertenencia,Mujeres,Indígena,Privación social,Tres o más carencias sociales,49.9466,3.004931,3.6616,"CONEVAL, anexo estadístico 2022, cuadro 23"
2018,pertenencia,Hombres,Indígena,Privación social,Tres o más carencias sociales,50.7356,2.969571,3.6795,"CONEVAL, anexo estadístico 2022, cuadro 23"
2020,pertenencia,Mujeres,Indígena,Privación social,Tres o más carencias sociales,55.1023,3.303056,3.7086,"CONEVAL, anexo estadístico 2022, cuadro 23"
2020,pertenencia,Hombres,Indígena,Privación social,Tres o más carencias sociales,55.2791,3.134739,3.7434,"CONEVAL, anexo estadístico 2022, cuadro 23"
2022,pertenencia,Mujeres,Indígena,Privación social,Tres o más carencias sociales,60.1715,3.964635,3.874,"CONEVAL, anexo estadístico 2022, cuadro 23"
2022,pertenencia,Hombres,Indígena,Privación social,Tres o más carencias sociales,59.7261,3.654727,3.902,"CONEVAL, anexo estadístico 2022, cuadro 23"
2016,pertenencia,Mujeres,Indígena,Carencias,Rezago educativo,35.4098,2.056899,3.4342,"CONEVAL, anexo estadístico 2022, cuadro 23"
2016,pertenencia,Hombres,Indígena,Carencias,Rezago educativo,29.9616,1.641666,3.5484,"CONEVAL, anexo estadístico 2022, cuadro 23"
2018,pertenencia,Mujeres,Indígena,Carencias,Rezago educativo,35.6523,2.144944,3.4466,"CONEVAL, anexo estadístico 2022, cuadro 23"
2018,pertenencia,Hombres,Indígena,Carencias,Rezago educativo,31.2706,1.830281,3.5892,"CONEVAL, anexo estadístico 2022, cuadro 23"
2020,pertenencia,Mujeres,Indígena,Carencias,Rezago educativo,37.2777,2.234576,3.5085,"CONEVAL, anexo estadístico 2022, cuadro 23"
2020,pertenencia,Hombres,Indígena,Carencias,Rezago educativo,32.8082,1.860467,3.6826,"CONEVAL, anexo estadístico 2022, cuadro 23"
2022,pertenencia,Mujeres,Indígena,Carencias,Rezago educativo,37.6733,2.482254,3.7517,"CONEVAL, anexo estadístico 2022, cuadro 23"
2022,pertenencia,Hombres,Indígena,Carencias,Rezago educativo,32.7655,2.004972,3.9053,"CONEVAL, anexo estadístico 2022, cuadro 23"
2016,pertenencia,Mujeres,Indígena,Carencias,Acceso a los servicios de salud,12.8955,0.749079,3.5724,"CONEVAL, anexo estadístico 2022, cuadro 23"
2016,pertenencia,Hombres,Indígena,Carencias,Acceso a los servicios de salud,17.4046,0.953636,3.6018,"CONEVAL, anexo estadístico 2022, cuadro 23"
2018,pertenencia,Mujeres,Indígena,Carencias,Acceso a los servicios de salud,12.5277,0.753701,3.477,"CONEVAL, anexo estadístico 2022, cuadro 23"
2018,pertenencia,Hombres,Indígena,Carencias,Acceso a los servicios de salud,18.2484,1.068084,3.5401,"CONEVAL, anexo estadístico 2022, cuadro 23"
2020,pertenencia,Mujeres,Indígena,Carencias,Acceso a los servicios de salud,30.3333,1.818301,3.5672,"CONEVAL, anexo estadístico 2022, cuadro 23"
2020,pertenencia,Hombres,Indígena,Carencias,Acceso a los servicios de salud,35.4022,2.00757,3.6094,"CONEVAL, anexo estadístico 2022, cuadro 23"
2022,pertenencia,Mujeres,Indígena,Carencias,Acceso a los servicios de salud,55.3153,3.644666,3.6604,"CONEVAL, anexo estadístico 2022, cuadro 23"
2022,pertenencia,Hombres,Indígena,Carencias,Acceso a los servicios de salud,58.6667,3.5899,3.6537,"CONEVAL, anexo estadístico 2022, cuadro 23"
2016,pertenencia,Mujeres,Indígena,Carencias,Acceso a la seguridad social,79.5136,4.618826,2.9173,"CONEVAL, anexo estadístico 2022, cuadro 23"
2016,pertenencia,Hombres,Indígena,Carencias,Acceso a la seguridad social,78.9217,4.324299,2.9249,"CONEVAL, anexo estadístico 2022, cuadro 23"
2018,pertenencia,Mujeres,Indígena,Carencias,Acceso a la seguridad social,77.5907,4.668078,2.9383,"CONEVAL, anexo estadístico 2022, cuadro 23"
2018,pertenencia,Hombres,Indígena,Carencias,Acceso a la seguridad social,77.9311,4.56133,2.9708,"CONEVAL, anexo estadístico 2022, cuadro 23"
2020,pertenencia,Mujeres,Indígena,Carencias,Acceso a la seguridad social,77.1242,4.62314,3.1112,"CONEVAL, anexo estadístico 2022, cuadro 23"
2020,pertenencia,Hombres,Indígena,Carencias,Acceso a la seguridad social,77.1951,4.377537,3.1388,"CONEVAL, anexo estadístico 2022, cuadro 23"
2022,pertenencia,Mujeres,Indígena,Carencias,Acceso a la seguridad social,75.0573,4.945449,3.3966,"CONEVAL, anexo estadístico 2022, cuadro 23"
2022,pertenencia,Hombres,Indígena,Carencias,Acceso a la seguridad social,74.9721,4.587654,3.4141,"CONEVAL, anexo estadístico 2022, cuadro 23"
2016,pertenencia,Mujeres,Indígena,Carencias,Calidad y espacios de la vivienda,29.8314,1.732863,3.6529,"CONEVAL, anexo estadístico 2022, cuadro 23"
2016,pertenencia,Hombres,Indígena,Carencias,Calidad y espacios de la vivienda,30.3341,1.662075,3.6203,"CONEVAL, anexo estadístico 2022, cuadro 23"
2018,pertenencia,Mujeres,Indígena,Carencias,Calidad y espacios de la vivienda,28.151,1.693646,3.7094,"CONEVAL, anexo estadístico 2022, cuadro 23"
2018,pertenencia,Hombres,Indígena,Carencias,Calidad y espacios de la vivienda,28.597,1.673793,3.7341,"CONEVAL, anexo estadístico 2022, cuadro 23"
2020,pertenencia,Mujeres,Indígena,Carencias,Calidad y espacios de la vivienda,25.5068,1.52898,3.8895,"CONEVAL, anexo estadístico 2022, cuadro 23"
2020,pertenencia,Hombres,Indígena,Carencias,Calidad y espacios de la vivienda,25.7795,1.461891,3.9051,"CONEVAL, anexo estadístico 2022, cuadro 23"
2022,pertenencia,Mujeres,Indígena,Carencias,Calidad y espacios de la vivienda,25.8775,1.70504,4.1636,"CONEVAL, anexo estadístico 2022, cuadro 23"
2022,pertenencia,Hombres,Indígena,Carencias,Calidad y espacios de la vivienda,26.9621,1.649853,4.2027,"CONEVAL, anexo estadístico 2022, cuadro 23"
2016,pertenencia,Mujeres,Indígena,Carencias,Servicios básicos en la vivienda,56.4,3.276192,3.2526,"CONEVAL, anexo estadístico 2022, cuadro 23"
2016,pertenencia,Hombres,Indígena,Carencias,Servicios básicos en la vivienda,55.7261,3.053363,3.2431,"CONEVAL, anexo estadístico 2022, cuadro 23"
2018,pertenencia,Mujeres,Indígena,Carencias,Servicios básicos en la vivienda,57.2514,3.444407,3.2717,"CONEVAL, anexo estadístico 2022, cuadro 23"
2018,pertenencia,Hombres,Indígena,Carencias,Servicios básicos en la vivienda,57.5033,3.365685,3.2835,"CONEVAL, anexo estadístico 2022, cuadro 23"
2020,pertenencia,Mujeres,Indígena,Carencias,Servicios básicos en la vivienda,58.0927,3.482317,3.3612,"CONEVAL, anexo estadístico 2022, cuadro 23"
2020,pertenencia,Hombres,Indígena,Carencias,Servicios básicos en la vivienda,57.6393,3.268579,3.3879,"CONEVAL, anexo estadístico 2022, cuadro 23"
2022,pertenencia,Mujeres,Indígena,Carencias,Servicios básicos en la vivienda,57.707,3.802258,3.6363,"CONEVAL, anexo estadístico 2022, cuadro 23"
2022,pertenencia,Hombres,Indígena,Carencias,Servicios básicos en la vivienda,58.2215,3.562662,3.6455,"CONEVAL, anexo estadístico 2022, cuadro 23"
2016,pertenencia,Mujeres,Indígena,Carencias,Alimentación nutritiva y de calidad,35.4914,2.061641,3.4506,"CONEVAL, anexo estadístico 2022, cuadro 23"
2016,pertenencia,Hombres,Indígena,Carencias,Alimentación nutritiva y de calidad,35.3307,1.93585,3.4198,"CONEVAL, anexo estadístico 2022, cuadro 23"
2018,pertenencia,Mujeres,Indígena,Carencias,Alimentación nutritiva y de calidad,35.7858,2.152976,3.4685,"CONEVAL, anexo estadístico 2022, cuadro 23"
2018,pertenencia,Hombres,Indígena,Carencias,Alimentación nutritiva y de calidad,36.0508,2.110064,3.4984,"CONEVAL, anexo estadístico 2022, cuadro 23"
2020,pertenencia,Mujeres,Indígena,Carencias,Alimentación nutritiva y de calidad,36.007,2.158409,3.566,"CONEVAL, anexo estadístico 2022, cuadro 23"
2020,pertenencia,Hombres,Indígena,Carencias,Alimentación nutritiva y de calidad,36.3409,2.0608,3.6076,"CONEVAL, anexo estadístico 2022, cuadro 23"
2022,pertenencia,Mujeres,Indígena,Carencias,Alimentación nutritiva y de calidad,30.4032,2.003234,3.9617,"CONEVAL, anexo estadístico 2022, cuadro 23"
2022,pertenencia,Hombres,Indígena,Carencias,Alimentación nutritiva y de calidad,30.5248,1.867857,3.9718,"CONEVAL, anexo estadístico 2022, cuadro 23"
2016,pertenencia,Mujeres,Indígena,Bienestar económico,Ingreso inferior a la línea de pobreza extrema,39.3765,2.287323,3.1607,"CONEVAL, anexo estadístico 2022, cuadro 23"
2016,pertenencia,Hombres,Indígena,Bienestar económico,Ingreso inferior a la línea de pobreza extrema,38.1682,2.091326,3.1245,"CONEVAL, anexo estadístico 2022, cuadro 23"
2018,pertenencia,Mujeres,Indígena,Bienestar económico,Ingreso inferior a la línea de pobreza extrema,36.708,2.208456,3.2837,"CONEVAL, anexo estadístico 2022, cuadro 23"
2018,pertenencia,Hombres,Indígena,Bienestar económico,Ingreso inferior a la línea de pobreza extrema,35.7436,2.092083,3.2974,"CONEVAL, anexo estadístico 2022, cuadro 23"
2020,pertenencia,Mujeres,Indígena,Bienestar económico,Ingreso inferior a la línea de pobreza extrema,42.1762,2.528212,3.1786,"CONEVAL, anexo estadístico 2022, cuadro 23"
2020,pertenencia,Hombres,Indígena,Bienestar económico,Ingreso inferior a la línea de pobreza extrema,40.3597,2.288697,3.1999,"CONEVAL, anexo estadístico 2022, cuadro 23"
2022,pertenencia,Mujeres,Indígena,Bienestar económico,Ingreso inferior a la línea de pobreza extrema,32.43,2.13678,3.6439,"CONEVAL, anexo estadístico 2022, cuadro 23"
2022,pertenencia,Hombres,Indígena,Bienestar económico,Ingreso inferior a la línea de pobreza extrema,31.09,1.902444,3.6704,"CONEVAL, anexo estadístico 2022, cuadro 23"
2016,pertenencia,Mujeres,Indígena,Bienestar económico,Ingreso inferior a la línea de pobreza,76.8017,4.461295,2.7838,"CONEVAL, anexo estadístico 2022, cuadro 23"
2016,pertenencia,Hombres,Indígena,Bienestar económico,Ingreso inferior a la línea de pobreza,74.5121,4.082687,2.7841,"CONEVAL, anexo estadístico 2022, cuadro 23"
2018,pertenencia,Mujeres,Indígena,Bienestar económico,Ingreso inferior a la línea de pobreza,74.4678,4.480197,2.785,"CONEVAL, anexo estadístico 2022, cuadro 23"
2018,pertenencia,Hombres,Indígena,Bienestar económico,Ingreso inferior a la línea de pobreza,72.477,4.242101,2.8228,"CONEVAL, anexo estadístico 2022, cuadro 23"
2020,pertenencia,Mujeres,Indígena,Bienestar económico,Ingreso inferior a la línea de pobreza,77.2807,4.632523,2.9213,"CONEVAL, anexo estadístico 2022, cuadro 23"
2020,pertenencia,Hombres,Indígena,Bienestar económico,Ingreso inferior a la línea de pobreza,74.9627,4.250946,2.9327,"CONEVAL, anexo estadístico 2022, cuadro 23"
2022,pertenencia,Mujeres,Indígena,Bienestar económico,Ingreso inferior a la línea de pobreza,68.6854,4.525609,3.2076,"CONEVAL, anexo estadístico 2022, cuadro 23"
2022,pertenencia,Hombres,Indígena,Bienestar económico,Ingreso inferior a la línea de pobreza,67.3607,4.121903,3.2141,"CONEVAL, anexo estadístico 2022, cuadro 23"
2016,lengua,Mujeres,Indígena,Pobreza,Pobreza,80.3828,2.806122,3.075,"CONEVAL, anexo estadístico 2022, cuadro 24"
2016,lengua,Hombres,Indígena,Pobreza,Pobreza,76.7461,2.559005,3.0549,"CONEVAL, anexo estadístico 2022, cuadro 24"
2016,lengua,Mujeres,Resto,Pobreza,Pobreza,41.1927,23.090701,2.1008,"CONEVAL, anexo estadístico 2022, cuadro 24"
2016,lengua,Hombres,Resto,Pobreza,Pobreza,39.9618,20.862603,2.1905,"CONEVAL, anexo estadístico 2022, cuadro 24"
2018,lengua,Mujeres,Indígena,Pobreza,Pobreza,76.6034,2.726792,3.1488,"CONEVAL, anexo estadístico 2022, cuadro 24"
2018,lengua,Hombres,Indígena,Pobreza,Pobreza,75.0457,2.561423,3.1725,"CONEVAL, anexo estadístico 2022, cuadro 24"
2018,lengua,Mujeres,Resto,Pobreza,Pobreza,40.0753,23.035386,2.1162,"CONEVAL, anexo estadístico 2022, cuadro 24"
2018,lengua,Hombres,Resto,Pobreza,Pobreza,38.5397,20.793765,2.1957,"CONEVAL, anexo estadístico 2022, cuadro 24"
2020,lengua,Mujeres,Indígena,Pobreza,Pobreza,78.2703,2.801189,3.2323,"CONEVAL, anexo estadístico 2022, cuadro 24"
2020,lengua,Hombres,Indígena,Pobreza,Pobreza,75.1409,2.46794,3.2642,"CONEVAL, anexo estadístico 2022, cuadro 24"
2020,lengua,Mujeres,Resto,Pobreza,Pobreza,41.954,24.961171,2.2415,"CONEVAL, anexo estadístico 2022, cuadro 24"
2020,lengua,Hombres,Resto,Pobreza,Pobreza,41.0578,22.811224,2.3306,"CONEVAL, anexo estadístico 2022, cuadro 24"
2022,lengua,Mujeres,Indígena,Pobreza,Pobreza,70.1355,2.752001,3.5559,"CONEVAL, anexo estadístico 2022, cuadro 24"
2022,lengua,Hombres,Indígena,Pobreza,Pobreza,67.4922,2.440974,3.589,"CONEVAL, anexo estadístico 2022, cuadro 24"
2022,lengua,Mujeres,Resto,Pobreza,Pobreza,34.4293,21.002997,2.4346,"CONEVAL, anexo estadístico 2022, cuadro 24"
2022,lengua,Hombres,Resto,Pobreza,Pobreza,33.0685,18.48765,2.5069,"CONEVAL, anexo estadístico 2022, cuadro 24"
2016,lengua,Mujeres,Indígena,Pobreza,Pobreza moderada,44.7783,1.563189,2.5282,"CONEVAL, anexo estadístico 2022, cuadro 24"
2016,lengua,Hombres,Indígena,Pobreza,Pobreza moderada,42.9755,1.432968,2.5345,"CONEVAL, anexo estadístico 2022, cuadro 24"
2016,lengua,Mujeres,Resto,Pobreza,Pobreza moderada,35.8146,20.076001,1.8883,"CONEVAL, anexo estadístico 2022, cuadro 24"
2016,lengua,Hombres,Resto,Pobreza,Pobreza moderada,34.5185,18.020854,1.9749,"CONEVAL, anexo estadístico 2022, cuadro 24"
2018,lengua,Mujeres,Indígena,Pobreza,Pobreza moderada,41.2923,1.469852,2.556,"CONEVAL, anexo estadístico 2022, cuadro 24"
2018,lengua,Hombres,Indígena,Pobreza,Pobreza moderada,40.1498,1.370373,2.5574,"CONEVAL, anexo estadístico 2022, cuadro 24"
2018,lengua,Mujeres,Resto,Pobreza,Pobreza moderada,34.9156,20.069593,1.9076,"CONEVAL, anexo estadístico 2022, cuadro 24"
2018,lengua,Hombres,Resto,Pobreza,Pobreza moderada,33.3544,17.996081,1.9841,"CONEVAL, anexo estadístico 2022, cuadro 24"
2020,lengua,Mujeres,Indígena,Pobreza,Pobreza moderada,42.104,1.506846,2.7137,"CONEVAL, anexo estadístico 2022, cuadro 24"
2020,lengua,Hombres,Indígena,Pobreza,Pobreza moderada,39.8918,1.310213,2.7003,"CONEVAL, anexo estadístico 2022, cuadro 24"
2020,lengua,Mujeres,Resto,Pobreza,Pobreza moderada,35.2509,20.973029,1.9916,"CONEVAL, anexo estadístico 2022, cuadro 24"
2020,lengua,Hombres,Resto,Pobreza,Pobreza moderada,34.1666,18.982554,2.0793,"CONEVAL, anexo estadístico 2022, cuadro 24"
2022,lengua,Mujeres,Indígena,Pobreza,Pobreza moderada,37.7293,1.480436,3.0372,"CONEVAL, anexo estadístico 2022, cuadro 24"
2022,lengua,Hombres,Indígena,Pobreza,Pobreza moderada,35.9313,1.299518,3.0667,"CONEVAL, anexo estadístico 2022, cuadro 24"
2022,lengua,Mujeres,Resto,Pobreza,Pobreza moderada,29.0411,17.716036,2.2017,"CONEVAL, anexo estadístico 2022, cuadro 24"
2022,lengua,Hombres,Resto,Pobreza,Pobreza moderada,27.9261,15.612693,2.2844,"CONEVAL, anexo estadístico 2022, cuadro 24"
2016,lengua,Mujeres,Indígena,Pobreza,Pobreza extrema,35.6044,1.242933,3.7626,"CONEVAL, anexo estadístico 2022, cuadro 24"
2016,lengua,Hombres,Indígena,Pobreza,Pobreza extrema,33.7705,1.126037,3.7171,"CONEVAL, anexo estadístico 2022, cuadro 24"
2016,lengua,Mujeres,Resto,Pobreza,Pobreza extrema,5.3781,3.0147,3.5159,"CONEVAL, anexo estadístico 2022, cuadro 24"
2016,lengua,Hombres,Resto,Pobreza,Pobreza extrema,5.4433,2.841749,3.5578,"CONEVAL, anexo estadístico 2022, cuadro 24"
2018,lengua,Mujeres,Indígena,Pobreza,Pobreza extrema,35.311,1.25694,3.842,"CONEVAL, anexo estadístico 2022, cuadro 24"
2018,lengua,Hombres,Indígena,Pobreza,Pobreza extrema,34.8959,1.19105,3.8803,"CONEVAL, anexo estadístico 2022, cuadro 24"
2018,lengua,Mujeres,Resto,Pobreza,Pobreza extrema,5.1597,2.965793,3.5277,"CONEVAL, anexo estadístico 2022, cuadro 24"
2018,lengua,Hombres,Resto,Pobreza,Pobreza extrema,5.1853,2.797684,3.5568,"CONEVAL, anexo estadístico 2022, cuadro 24"
2020,lengua,Mujeres,Indígena,Pobreza,Pobreza extrema,36.1663,1.294343,3.8361,"CONEVAL, anexo estadístico 2022, cuadro 24"
2020,lengua,Hombres,Indígena,Pobreza,Pobreza extrema,35.2491,1.157727,3.9024,"CONEVAL, anexo estadístico 2022, cuadro 24"
2020,lengua,Mujeres,Resto,Pobreza,Pobreza extrema,6.7032,3.988142,3.5561,"CONEVAL, anexo estadístico 2022, cuadro 24"
2020,lengua,Hombres,Resto,Pobreza,Pobreza extrema,6.8912,3.82867,3.5764,"CONEVAL, anexo estadístico 2022, cuadro 24"
2022,lengua,Mujeres,Indígena,Pobreza,Pobreza extrema,32.4062,1.271565,4.1598,"CONEVAL, anexo estadístico 2022, cuadro 24"
2022,lengua,Hombres,Indígena,Pobreza,Pobreza extrema,31.5609,1.141456,4.1838,"CONEVAL, anexo estadístico 2022, cuadro 24"
2022,lengua,Mujeres,Resto,Pobreza,Pobreza extrema,5.3882,3.286961,3.6897,"CONEVAL, anexo estadístico 2022, cuadro 24"
2022,lengua,Hombres,Resto,Pobreza,Pobreza extrema,5.1424,2.874957,3.7154,"CONEVAL, anexo estadístico 2022, cuadro 24"
2016,lengua,Mujeres,Indígena,Pobreza,Vulnerable por carencias sociales,14.4039,0.502834,2.3147,"CONEVAL, anexo estadístico 2022, cuadro 24"
2016,lengua,Hombres,Indígena,Pobreza,Vulnerable por carencias sociales,16.0351,0.534671,2.3506,"CONEVAL, anexo estadístico 2022, cuadro 24"
2016,lengua,Mujeres,Resto,Pobreza,Vulnerable por carencias sociales,25.3922,14.233654,1.6853,"CONEVAL, anexo estadístico 2022, cuadro 24"
2016,lengua,Hombres,Resto,Pobreza,Vulnerable por carencias sociales,26.9897,14.090358,1.7955,"CONEVAL, anexo estadístico 2022, cuadro 24"
2018,lengua,Mujeres,Indígena,Pobreza,Vulnerable por carencias sociales,16.6405,0.59234,2.2567,"CONEVAL, anexo estadístico 2022, cuadro 24"
2018,lengua,Hombres,Indígena,Pobreza,Vulnerable por carencias sociales,17.7288,0.605111,2.3612,"CONEVAL, anexo estadístico 2022, cuadro 24"
2018,lengua,Mujeres,Resto,Pobreza,Vulnerable por carencias sociales,26.3613,15.152554,1.6942,"CONEVAL, anexo estadístico 2022, cuadro 24"
2018,lengua,Hombres,Resto,Pobreza,Vulnerable por carencias sociales,28.2733,15.254615,1.8222,"CONEVAL, anexo estadístico 2022, cuadro 24"
2020,lengua,Mujeres,Indígena,Pobreza,Vulnerable por carencias sociales,16.4642,0.589231,2.4479,"CONEVAL, anexo estadístico 2022, cuadro 24"
2020,lengua,Hombres,Indígena,Pobreza,Vulnerable por carencias sociales,18.1425,0.595875,2.5984,"CONEVAL, anexo estadístico 2022, cuadro 24"
2020,lengua,Mujeres,Resto,Pobreza,Vulnerable por carencias sociales,23.2977,13.861336,1.81,"CONEVAL, anexo estadístico 2022, cuadro 24"
2020,lengua,Hombres,Resto,Pobreza,Vulnerable por carencias sociales,25.446,14.137499,1.9261,"CONEVAL, anexo estadístico 2022, cuadro 24"
2022,lengua,Mujeres,Indígena,Pobreza,Vulnerable por carencias sociales,23.5427,0.923776,2.7255,"CONEVAL, anexo estadístico 2022, cuadro 24"
2022,lengua,Hombres,Indígena,Pobreza,Vulnerable por carencias sociales,24.8048,0.89711,2.8182,"CONEVAL, anexo estadístico 2022, cuadro 24"
2022,lengua,Mujeres,Resto,Pobreza,Vulnerable por carencias sociales,28.8493,17.59902,1.9368,"CONEVAL, anexo estadístico 2022, cuadro 24"
2022,lengua,Hombres,Resto,Pobreza,Vulnerable por carencias sociales,31.192,17.438553,2.0323,"CONEVAL, anexo estadístico 2022, cuadro 24"
2016,lengua,Mujeres,Indígena,Pobreza,Vulnerable por ingresos,0.9469,0.033057,0.0,"CONEVAL, anexo estadístico 2022, cuadro 24"
2016,lengua,Hombres,Indígena,Pobreza,Vulnerable por ingresos,1.7482,0.058293,0.0,"CONEVAL, anexo estadístico 2022, cuadro 24"
2016,lengua,Mujeres,Resto,Pobreza,Vulnerable por ingresos,8.0295,4.500978,0.0,"CONEVAL, anexo estadístico 2022, cuadro 24"
2016,lengua,Hombres,Resto,Pobreza,Vulnerable por ingresos,7.6529,3.995306,0.0,"CONEVAL, anexo estadístico 2022, cuadro 24"
2018,lengua,Mujeres,Indígena,Pobreza,Vulnerable por ingresos,2.0018,0.071258,0.0,"CONEVAL, anexo estadístico 2022, cuadro 24"
2018,lengua,Hombres,Indígena,Pobreza,Vulnerable por ingresos,1.7444,0.05954,0.0,"CONEVAL, anexo estadístico 2022, cuadro 24"
2018,lengua,Mujeres,Resto,Pobreza,Vulnerable por ingresos,8.3912,4.823294,0.0,"CONEVAL, anexo estadístico 2022, cuadro 24"
2018,lengua,Hombres,Resto,Pobreza,Vulnerable por ingresos,8.1139,4.377799,0.0,"CONEVAL, anexo estadístico 2022, cuadro 24"
2020,lengua,Mujeres,Indígena,Pobreza,Vulnerable por ingresos,1.4644,0.05241,0.0,"CONEVAL, anexo estadístico 2022, cuadro 24"
2020,lengua,Hombres,Indígena,Pobreza,Vulnerable por ingresos,1.6765,0.055064,0.0,"CONEVAL, anexo estadístico 2022, cuadro 24"
2020,lengua,Mujeres,Resto,Pobreza,Vulnerable por ingresos,9.5991,5.711157,0.0,"CONEVAL, anexo estadístico 2022, cuadro 24"
2020,lengua,Hombres,Resto,Pobreza,Vulnerable por ingresos,8.8332,4.907638,0.0,"CONEVAL, anexo estadístico 2022, cuadro 24"
2022,lengua,Mujeres,Indígena,Pobreza,Vulnerable por ingresos,1.5692,0.061573,0.0,"CONEVAL, anexo estadístico 2022, cuadro 24"
2022,lengua,Hombres,Indígena,Pobreza,Vulnerable por ingresos,1.7914,0.06479,0.0,"CONEVAL, anexo estadístico 2022, cuadro 24"
2022,lengua,Mujeres,Resto,Pobreza,Vulnerable por ingresos,7.7432,4.723607,0.0,"CONEVAL, anexo estadístico 2022, cuadro 24"
2022,lengua,Hombres,Resto,Pobreza,Vulnerable por ingresos,7.2383,4.046722,0.0,"CONEVAL, anexo estadístico 2022, cuadro 24"
2016,lengua,Mujeres,Indígena,Pobreza,No pobre y no vulnerable,4.2663,0.148936,0.0,"CONEVAL, anexo estadístico 2022, cuadro 24"
2016,lengua,Hombres,Indígena,Pobreza,No pobre y no vulnerable,5.4706,0.182411,0.0,"CONEVAL, anexo estadístico 2022, cuadro 24"
2016,lengua,Mujeres,Resto,Pobreza,No pobre y no vulnerable,25.3856,14.229957,0.0,"CONEVAL, anexo estadístico 2022, cuadro 24"
2016,lengua,Hombres,Resto,Pobreza,No pobre y no vulnerable,25.3956,13.258099,0.0,"CONEVAL, anexo estadístico 2022, cuadro 24"
2018,lengua,Mujeres,Indígena,Pobreza,No pobre y no vulnerable,4.7543,0.169234,0.0,"CONEVAL, anexo estadístico 2022, cuadro 24"
2018,lengua,Hombres,Indígena,Pobreza,No pobre y no vulnerable,5.481,0.187076,0.0,"CONEVAL, anexo estadístico 2022, cuadro 24"
2018,lengua,Mujeres,Resto,Pobreza,No pobre y no vulnerable,25.1722,14.46909,0.0,"CONEVAL, anexo estadístico 2022, cuadro 24"
2018,lengua,Hombres,Resto,Pobreza,No pobre y no vulnerable,25.0731,13.527976,0.0,"CONEVAL, anexo estadístico 2022, cuadro 24"
2020,lengua,Mujeres,Indígena,Pobreza,No pobre y no vulnerable,3.8011,0.136035,0.0,"CONEVAL, anexo estadístico 2022, cuadro 24"
2020,lengua,Hombres,Indígena,Pobreza,No pobre y no vulnerable,5.0401,0.165538,0.0,"CONEVAL, anexo estadístico 2022, cuadro 24"
2020,lengua,Mujeres,Resto,Pobreza,No pobre y no vulnerable,25.1491,14.962852,0.0,"CONEVAL, anexo estadístico 2022, cuadro 24"
2020,lengua,Hombres,Resto,Pobreza,No pobre y no vulnerable,24.663,13.702498,0.0,"CONEVAL, anexo estadístico 2022, cuadro 24"
2022,lengua,Mujeres,Indígena,Pobreza,No pobre y no vulnerable,4.7526,0.186486,0.0,"CONEVAL, anexo estadístico 2022, cuadro 24"
2022,lengua,Hombres,Indígena,Pobreza,No pobre y no vulnerable,5.9115,0.213801,0.0,"CONEVAL, anexo estadístico 2022, cuadro 24"
2022,lengua,Mujeres,Resto,Pobreza,No pobre y no vulnerable,28.9782,17.677685,0.0,"CONEVAL, anexo estadístico 2022, cuadro 24"
2022,lengua,Hombres,Resto,Pobreza,No pobre y no vulnerable,28.5013,15.934263,0.0,"CONEVAL, anexo estadístico 2022, cuadro 24"
2016,lengua,Mujeres,Indígena,Privación social,Al menos una carencia social,94.7867,3.308956,2.9594,"CONEVAL, anexo estadístico 2022, cuadro 24"
2016,lengua,Hombres,Indígena,Privación social,Al menos una carencia social,92.7811,3.093676,2.9332,"CONEVAL, anexo estadístico 2022, cuadro 24"
2016,lengua,Mujeres,Resto,Privación social,Al menos una carencia social,66.5849,37.324355,1.9423,"CONEVAL, anexo estadístico 2022, cuadro 24"
2016,lengua,Hombres,Resto,Privación social,Al menos una carencia social,66.9515,34.952961,2.0313,"CONEVAL, anexo estadístico 2022, cuadro 24"
2018,lengua,Mujeres,Indígena,Privación social,Al menos una carencia social,93.2439,3.319132,2.9896,"CONEVAL, anexo estadístico 2022, cuadro 24"
2018,lengua,Hombres,Indígena,Privación social,Al menos una carencia social,92.7745,3.166534,3.0175,"CONEVAL, anexo estadístico 2022, cuadro 24"
2018,lengua,Mujeres,Resto,Privación social,Al menos una carencia social,66.4365,38.18794,1.9488,"CONEVAL, anexo estadístico 2022, cuadro 24"
2018,lengua,Hombres,Resto,Privación social,Al menos una carencia social,66.813,36.04838,2.0377,"CONEVAL, anexo estadístico 2022, cuadro 24"
2020,lengua,Mujeres,Indígena,Privación social,Al menos una carencia social,94.7345,3.39042,3.096,"CONEVAL, anexo estadístico 2022, cuadro 24"
2020,lengua,Hombres,Indígena,Privación social,Al menos una carencia social,93.2834,3.063815,3.1347,"CONEVAL, anexo estadístico 2022, cuadro 24"
2020,lengua,Mujeres,Resto,Privación social,Al menos una carencia social,65.2517,38.822507,2.0875,"CONEVAL, anexo estadístico 2022, cuadro 24"
2020,lengua,Hombres,Resto,Privación social,Al menos una carencia social,66.5037,36.948723,2.1758,"CONEVAL, anexo estadístico 2022, cuadro 24"
2022,lengua,Mujeres,Indígena,Privación social,Al menos una carencia social,93.6782,3.675777,3.3472,"CONEVAL, anexo estadístico 2022, cuadro 24"
2022,lengua,Hombres,Indígena,Privación social,Al menos una carencia social,92.297,3.338084,3.3819,"CONEVAL, anexo estadístico 2022, cuadro 24"
2022,lengua,Mujeres,Resto,Privación social,Al menos una carencia social,63.2786,38.602017,2.2076,"CONEVAL, anexo estadístico 2022, cuadro 24"
2022,lengua,Hombres,Resto,Privación social,Al menos una carencia social,64.2604,35.926203,2.2765,"CONEVAL, anexo estadístico 2022, cuadro 24"
2016,lengua,Mujeres,Indígena,Privación social,Tres o más carencias sociales,60.8109,2.122878,3.6786,"CONEVAL, anexo estadístico 2022, cuadro 24"
2016,lengua,Hombres,Indígena,Privación social,Tres o más carencias sociales,57.9453,1.932115,3.6831,"CONEVAL, anexo estadístico 2022, cuadro 24"
2016,lengua,Mujeres,Resto,Privación social,Tres o más carencias sociales,16.5565,9.280815,3.3987,"CONEVAL, anexo estadístico 2022, cuadro 24"
2016,lengua,Hombres,Resto,Privación social,Tres o más carencias sociales,18.5415,9.679851,3.4484,"CONEVAL, anexo estadístico 2022, cuadro 24"
2018,lengua,Mujeres,Indígena,Privación social,Tres o más carencias sociales,60.3431,2.147986,3.7163,"CONEVAL, anexo estadístico 2022, cuadro 24"
2018,lengua,Hombres,Indígena,Privación social,Tres o más carencias sociales,60.3333,2.059266,3.7428,"CONEVAL, anexo estadístico 2022, cuadro 24"
2018,lengua,Mujeres,Resto,Privación social,Tres o más carencias sociales,16.6871,9.591799,3.4117,"CONEVAL, anexo estadístico 2022, cuadro 24"
2018,lengua,Hombres,Resto,Privación social,Tres o más carencias sociales,18.732,10.106676,3.4513,"CONEVAL, anexo estadístico 2022, cuadro 24"
2020,lengua,Mujeres,Indígena,Privación social,Tres o más carencias sociales,64.0044,2.290632,3.7623,"CONEVAL, anexo estadístico 2022, cuadro 24"
2020,lengua,Hombres,Indígena,Privación social,Tres o más carencias sociales,63.8876,2.098335,3.8054,"CONEVAL, anexo estadístico 2022, cuadro 24"
2020,lengua,Mujeres,Resto,Privación social,Tres o más carencias sociales,19.3236,11.496858,3.4474,"CONEVAL, anexo estadístico 2022, cuadro 24"
2020,lengua,Hombres,Resto,Privación social,Tres o más carencias sociales,21.8483,12.138647,3.477,"CONEVAL, anexo estadístico 2022, cuadro 24"
2022,lengua,Mujeres,Indígena,Privación social,Tres o más carencias sociales,68.5923,2.691451,3.9726,"CONEVAL, anexo estadístico 2022, cuadro 24"
2022,lengua,Hombres,Indígena,Privación social,Tres o más carencias sociales,67.747,2.45019,4.0014,"CONEVAL, anexo estadístico 2022, cuadro 24"
2022,lengua,Mujeres,Resto,Privación social,Tres o más carencias sociales,21.0445,12.837832,3.5058,"CONEVAL, anexo estadístico 2022, cuadro 24"
2022,lengua,Hombres,Resto,Privación social,Tres o más carencias sociales,22.9747,12.844483,3.5186,"CONEVAL, anexo estadístico 2022, cuadro 24"
2016,lengua,Mujeres,Indígena,Carencias,Rezago educativo,49.1454,1.715641,3.479,"CONEVAL, anexo estadístico 2022, cuadro 24"
2016,lengua,Hombres,Indígena,Carencias,Rezago educativo,39.5114,1.31746,3.589,"CONEVAL, anexo estadístico 2022, cuadro 24"
2016,lengua,Mujeres,Resto,Carencias,Rezago educativo,18.0062,10.093446,2.5434,"CONEVAL, anexo estadístico 2022, cuadro 24"
2016,lengua,Hombres,Resto,Carencias,Rezago educativo,17.5696,9.17243,2.7179,"CONEVAL, anexo estadístico 2022, cuadro 24"
2018,lengua,Mujeres,Indígena,Carencias,Rezago educativo,49.2253,1.752236,3.4882,"CONEVAL, anexo estadístico 2022, cuadro 24"
2018,lengua,Hombres,Indígena,Carencias,Rezago educativo,42.237,1.441613,3.6517,"CONEVAL, anexo estadístico 2022, cuadro 24"
2018,lengua,Mujeres,Resto,Carencias,Rezago educativo,18.5134,10.641576,2.5594,"CONEVAL, anexo estadístico 2022, cuadro 24"
2018,lengua,Hombres,Resto,Carencias,Rezago educativo,17.9594,9.689837,2.7398,"CONEVAL, anexo estadístico 2022, cuadro 24"
2020,lengua,Mujeres,Indígena,Carencias,Rezago educativo,50.5535,1.809243,3.5418,"CONEVAL, anexo estadístico 2022, cuadro 24"
2020,lengua,Hombres,Indígena,Carencias,Rezago educativo,43.0517,1.413996,3.7261,"CONEVAL, anexo estadístico 2022, cuadro 24"
2020,lengua,Mujeres,Resto,Carencias,Rezago educativo,18.2107,10.834759,2.6402,"CONEVAL, anexo estadístico 2022, cuadro 24"
2020,lengua,Hombres,Resto,Carencias,Rezago educativo,18.6098,10.339399,2.8189,"CONEVAL, anexo estadístico 2022, cuadro 24"
2022,lengua,Mujeres,Indígena,Carencias,Rezago educativo,50.3437,1.975406,3.7999,"CONEVAL, anexo estadístico 2022, cuadro 24"
2022,lengua,Hombres,Indígena,Carencias,Rezago educativo,42.1096,1.522966,3.9941,"CONEVAL, anexo estadístico 2022, cuadro 24"
2022,lengua,Mujeres,Resto,Carencias,Rezago educativo,18.3161,11.17344,2.7509,"CONEVAL, anexo estadístico 2022, cuadro 24"
2022,lengua,Hombres,Resto,Carencias,Rezago educativo,18.5754,10.384971,2.9024,"CONEVAL, anexo estadístico 2022, cuadro 24"
2016,lengua,Mujeres,Indígena,Carencias,Acceso a los servicios de salud,11.0411,0.385438,3.843,"CONEVAL, anexo estadístico 2022, cuadro 24"
2016,lengua,Hombres,Indígena,Carencias,Acceso a los servicios de salud,15.6077,0.520421,3.8185,"CONEVAL, anexo estadístico 2022, cuadro 24"
2016,lengua,Mujeres,Resto,Carencias,Acceso a los servicios de salud,13.2506,7.427673,2.6284,"CONEVAL, anexo estadístico 2022, cuadro 24"
2016,lengua,Hombres,Resto,Carencias,Acceso a los servicios de salud,17.9198,9.355261,2.7182,"CONEVAL, anexo estadístico 2022, cuadro 24"
2018,lengua,Mujeres,Indígena,Carencias,Acceso a los servicios de salud,10.0547,0.357911,3.8826,"CONEVAL, anexo estadístico 2022, cuadro 24"
2018,lengua,Hombres,Indígena,Carencias,Acceso a los servicios de salud,16.5175,0.563768,3.8185,"CONEVAL, anexo estadístico 2022, cuadro 24"
2018,lengua,Mujeres,Resto,Carencias,Acceso a los servicios de salud,13.9517,8.019462,2.6342,"CONEVAL, anexo estadístico 2022, cuadro 24"
2018,lengua,Hombres,Resto,Carencias,Acceso a los servicios de salud,18.4626,9.961326,2.7327,"CONEVAL, anexo estadístico 2022, cuadro 24"
2020,lengua,Mujeres,Indígena,Carencias,Acceso a los servicios de salud,27.9173,0.999123,3.8175,"CONEVAL, anexo estadístico 2022, cuadro 24"
2020,lengua,Hombres,Indígena,Carencias,Acceso a los servicios de salud,34.225,1.124091,3.8596,"CONEVAL, anexo estadístico 2022, cuadro 24"
2020,lengua,Mujeres,Resto,Carencias,Acceso a los servicios de salud,25.4781,15.158609,2.7268,"CONEVAL, anexo estadístico 2022, cuadro 24"
2020,lengua,Hombres,Resto,Carencias,Acceso a los servicios de salud,30.0786,16.711322,2.7894,"CONEVAL, anexo estadístico 2022, cuadro 24"
2022,lengua,Mujeres,Indígena,Carencias,Acceso a los servicios de salud,57.1796,2.243632,3.9019,"CONEVAL, anexo estadístico 2022, cuadro 24"
2022,lengua,Hombres,Indígena,Carencias,Acceso a los servicios de salud,61.7492,2.233267,3.8601,"CONEVAL, anexo estadístico 2022, cuadro 24"
2022,lengua,Mujeres,Resto,Carencias,Acceso a los servicios de salud,35.8527,21.871325,2.7484,"CONEVAL, anexo estadístico 2022, cuadro 24"
2022,lengua,Hombres,Resto,Carencias,Acceso a los servicios de salud,39.1629,21.894863,2.7781,"CONEVAL, anexo estadístico 2022, cuadro 24"
2016,lengua,Mujeres,Indígena,Carencias,Acceso a la seguridad social,84.6866,2.956365,3.1183,"CONEVAL, anexo estadístico 2022, cuadro 24"
2016,lengua,Hombres,Indígena,Carencias,Acceso a la seguridad social,83.6252,2.788381,3.0779,"CONEVAL, anexo estadístico 2022, cuadro 24"
2016,lengua,Mujeres,Resto,Carencias,Acceso a la seguridad social,51.1588,28.677188,2.1448,"CONEVAL, anexo estadístico 2022, cuadro 24"
2016,lengua,Hombres,Resto,Carencias,Acceso a la seguridad social,52.6989,27.512203,2.2347,"CONEVAL, anexo estadístico 2022, cuadro 24"
2018,lengua,Mujeres,Indígena,Carencias,Acceso a la seguridad social,82.3943,2.932926,3.1668,"CONEVAL, anexo estadístico 2022, cuadro 24"
2018,lengua,Hombres,Indígena,Carencias,Acceso a la seguridad social,82.9561,2.831416,3.1828,"CONEVAL, anexo estadístico 2022, cuadro 24"
2018,lengua,Mujeres,Resto,Carencias,Acceso a la seguridad social,50.4714,29.011143,2.1605,"CONEVAL, anexo estadístico 2022, cuadro 24"
2018,lengua,Hombres,Resto,Carencias,Acceso a la seguridad social,52.2048,28.166645,2.2511,"CONEVAL, anexo estadístico 2022, cuadro 24"
2020,lengua,Mujeres,Indígena,Carencias,Acceso a la seguridad social,81.2017,2.906101,3.2951,"CONEVAL, anexo estadístico 2022, cuadro 24"
2020,lengua,Hombres,Indígena,Carencias,Acceso a la seguridad social,80.5,2.643957,3.3358,"CONEVAL, anexo estadístico 2022, cuadro 24"
2020,lengua,Mujeres,Resto,Carencias,Acceso a la seguridad social,48.7349,28.995559,2.3522,"CONEVAL, anexo estadístico 2022, cuadro 24"
2020,lengua,Hombres,Resto,Carencias,Acceso a la seguridad social,51.314,28.509472,2.4338,"CONEVAL, anexo estadístico 2022, cuadro 24"
2022,lengua,Mujeres,Indígena,Carencias,Acceso a la seguridad social,77.4932,3.040706,3.6335,"CONEVAL, anexo estadístico 2022, cuadro 24"
2022,lengua,Hombres,Indígena,Carencias,Acceso a la seguridad social,77.6064,2.806772,3.6438,"CONEVAL, anexo estadístico 2022, cuadro 24"
2022,lengua,Mujeres,Resto,Carencias,Acceso a la seguridad social,46.9049,28.613522,2.5134,"CONEVAL, anexo estadístico 2022, cuadro 24"
2022,lengua,Hombres,Resto,Carencias,Acceso a la seguridad social,49.1729,27.491161,2.5662,"CONEVAL, anexo estadístico 2022, cuadro 24"
2016,lengua,Mujeres,Indígena,Carencias,Calidad y espacios de la vivienda,32.3241,1.128418,3.8302,"CONEVAL, anexo estadístico 2022, cuadro 24"
2016,lengua,Hombres,Indígena,Carencias,Calidad y espacios de la vivienda,33.412,1.114084,3.7367,"CONEVAL, anexo estadístico 2022, cuadro 24"
2016,lengua,Mujeres,Resto,Carencias,Calidad y espacios de la vivienda,10.1805,5.706712,2.9681,"CONEVAL, anexo estadístico 2022, cuadro 24"
2016,lengua,Hombres,Resto,Carencias,Calidad y espacios de la vivienda,10.4651,5.463466,3.0717,"CONEVAL, anexo estadístico 2022, cuadro 24"
2018,lengua,Mujeres,Indígena,Carencias,Calidad y espacios de la vivienda,32.0505,1.140879,3.8916,"CONEVAL, anexo estadístico 2022, cuadro 24"
2018,lengua,Hombres,Indígena,Carencias,Calidad y espacios de la vivienda,32.5642,1.111466,3.914,"CONEVAL, anexo estadístico 2022, cuadro 24"
2018,lengua,Mujeres,Resto,Carencias,Calidad y espacios de la vivienda,9.1048,5.233483,3.0196,"CONEVAL, anexo estadístico 2022, cuadro 24"
2018,lengua,Hombres,Resto,Carencias,Calidad y espacios de la vivienda,9.6111,5.185611,3.0976,"CONEVAL, anexo estadístico 2022, cuadro 24"
2020,lengua,Mujeres,Indígena,Carencias,Calidad y espacios de la vivienda,28.6885,1.026721,4.0573,"CONEVAL, anexo estadístico 2022, cuadro 24"
2020,lengua,Hombres,Indígena,Carencias,Calidad y espacios de la vivienda,28.9948,0.95231,4.1034,"CONEVAL, anexo estadístico 2022, cuadro 24"
2020,lengua,Mujeres,Resto,Carencias,Calidad y espacios de la vivienda,7.7469,4.609142,3.1693,"CONEVAL, anexo estadístico 2022, cuadro 24"
2020,lengua,Hombres,Resto,Carencias,Calidad y espacios de la vivienda,8.0494,4.472174,3.2574,"CONEVAL, anexo estadístico 2022, cuadro 24"
2022,lengua,Mujeres,Indígena,Carencias,Calidad y espacios de la vivienda,28.8481,1.131951,4.3785,"CONEVAL, anexo estadístico 2022, cuadro 24"
2022,lengua,Hombres,Indígena,Carencias,Calidad y espacios de la vivienda,30.3387,1.097251,4.3848,"CONEVAL, anexo estadístico 2022, cuadro 24"
2022,lengua,Mujeres,Resto,Carencias,Calidad y espacios de la vivienda,7.2949,4.450118,3.3591,"CONEVAL, anexo estadístico 2022, cuadro 24"
2022,lengua,Hombres,Resto,Carencias,Calidad y espacios de la vivienda,7.6151,4.257374,3.4245,"CONEVAL, anexo estadístico 2022, cuadro 24"
2016,lengua,Mujeres,Indígena,Carencias,Servicios básicos en la vivienda,65.2996,2.279576,3.3519,"CONEVAL, anexo estadístico 2022, cuadro 24"
2016,lengua,Hombres,Indígena,Carencias,Servicios básicos en la vivienda,63.4488,2.115625,3.3253,"CONEVAL, anexo estadístico 2022, cuadro 24"
2016,lengua,Mujeres,Resto,Carencias,Servicios básicos en la vivienda,15.8513,8.885505,2.8584,"CONEVAL, anexo estadístico 2022, cuadro 24"
2016,lengua,Hombres,Resto,Carencias,Servicios básicos en la vivienda,16.4071,8.565563,2.9359,"CONEVAL, anexo estadístico 2022, cuadro 24"
2018,lengua,Mujeres,Indígena,Carencias,Servicios básicos en la vivienda,66.3378,2.361378,3.4071,"CONEVAL, anexo estadístico 2022, cuadro 24"
2018,lengua,Hombres,Indígena,Carencias,Servicios básicos en la vivienda,66.4415,2.267747,3.4187,"CONEVAL, anexo estadístico 2022, cuadro 24"
2018,lengua,Mujeres,Resto,Carencias,Servicios básicos en la vivienda,16.3127,9.376596,2.8451,"CONEVAL, anexo estadístico 2022, cuadro 24"
2018,lengua,Hombres,Resto,Carencias,Servicios básicos en la vivienda,16.6933,9.006748,2.9312,"CONEVAL, anexo estadístico 2022, cuadro 24"
2020,lengua,Mujeres,Indígena,Carencias,Servicios básicos en la vivienda,67.1821,2.404356,3.4587,"CONEVAL, anexo estadístico 2022, cuadro 24"
2020,lengua,Hombres,Indígena,Carencias,Servicios básicos en la vivienda,67.6751,2.222731,3.4833,"CONEVAL, anexo estadístico 2022, cuadro 24"
2020,lengua,Mujeres,Resto,Carencias,Servicios básicos en la vivienda,14.5247,8.641719,3.0113,"CONEVAL, anexo estadístico 2022, cuadro 24"
2020,lengua,Hombres,Resto,Carencias,Servicios básicos en la vivienda,15.0329,8.352094,3.1038,"CONEVAL, anexo estadístico 2022, cuadro 24"
2022,lengua,Mujeres,Indígena,Carencias,Servicios básicos en la vivienda,66.2674,2.600223,3.7713,"CONEVAL, anexo estadístico 2022, cuadro 24"
2022,lengua,Hombres,Indígena,Carencias,Servicios básicos en la vivienda,66.9446,2.421168,3.7888,"CONEVAL, anexo estadístico 2022, cuadro 24"
2022,lengua,Mujeres,Resto,Carencias,Servicios básicos en la vivienda,14.1647,8.640906,3.1951,"CONEVAL, anexo estadístico 2022, cuadro 24"
2022,lengua,Hombres,Resto,Carencias,Servicios básicos en la vivienda,14.6995,8.218051,3.2496,"CONEVAL, anexo estadístico 2022, cuadro 24"
2016,lengua,Mujeres,Indígena,Carencias,Alimentación nutritiva y de calidad,38.017,1.327153,3.6686,"CONEVAL, anexo estadístico 2022, cuadro 24"
2016,lengua,Hombres,Indígena,Carencias,Alimentación nutritiva y de calidad,36.536,1.21825,3.624,"CONEVAL, anexo estadístico 2022, cuadro 24"
2016,lengua,Mujeres,Resto,Carencias,Alimentación nutritiva y de calidad,20.8825,11.705736,2.4626,"CONEVAL, anexo estadístico 2022, cuadro 24"
2016,lengua,Hombres,Resto,Carencias,Alimentación nutritiva y de calidad,20.937,10.930451,2.5773,"CONEVAL, anexo estadístico 2022, cuadro 24"
2018,lengua,Mujeres,Indígena,Carencias,Alimentación nutritiva y de calidad,38.6978,1.377497,3.7199,"CONEVAL, anexo estadístico 2022, cuadro 24"
2018,lengua,Hombres,Indígena,Carencias,Alimentación nutritiva y de calidad,39.2275,1.338893,3.7463,"CONEVAL, anexo estadístico 2022, cuadro 24"
2018,lengua,Mujeres,Resto,Carencias,Alimentación nutritiva y de calidad,21.1146,12.136761,2.4782,"CONEVAL, anexo estadístico 2022, cuadro 24"
2018,lengua,Hombres,Resto,Carencias,Alimentación nutritiva y de calidad,21.2112,11.444338,2.5665,"CONEVAL, anexo estadístico 2022, cuadro 24"
2020,lengua,Mujeres,Indígena,Carencias,Alimentación nutritiva y de calidad,37.7539,1.351161,3.8042,"CONEVAL, anexo estadístico 2022, cuadro 24"
2020,lengua,Hombres,Indígena,Carencias,Alimentación nutritiva y de calidad,37.97,1.247094,3.8406,"CONEVAL, anexo estadístico 2022, cuadro 24"
2020,lengua,Mujeres,Resto,Carencias,Alimentación nutritiva y de calidad,21.5147,12.800468,2.5642,"CONEVAL, anexo estadístico 2022, cuadro 24"
2020,lengua,Hombres,Resto,Carencias,Alimentación nutritiva y de calidad,21.6147,12.008897,2.6832,"CONEVAL, anexo estadístico 2022, cuadro 24"
2022,lengua,Mujeres,Indígena,Carencias,Alimentación nutritiva y de calidad,33.4302,1.311748,4.1651,"CONEVAL, anexo estadístico 2022, cuadro 24"
2022,lengua,Hombres,Indígena,Carencias,Alimentación nutritiva y de calidad,33.389,1.20757,4.1906,"CONEVAL, anexo estadístico 2022, cuadro 24"
2022,lengua,Mujeres,Resto,Carencias,Alimentación nutritiva y de calidad,17.1632,10.47012,2.7227,"CONEVAL, anexo estadístico 2022, cuadro 24"
2022,lengua,Hombres,Resto,Carencias,Alimentación nutritiva y de calidad,17.066,9.541097,2.8306,"CONEVAL, anexo estadístico 2022, cuadro 24"
2016,lengua,Mujeres,Indígena,Bienestar económico,Ingreso inferior a la línea de pobreza extrema,47.3038,1.651353,3.2767,"CONEVAL, anexo estadístico 2022, cuadro 24"
2016,lengua,Hombres,Indígena,Bienestar económico,Ingreso inferior a la línea de pobreza extrema,45.5192,1.517784,3.2217,"CONEVAL, anexo estadístico 2022, cuadro 24"
2016,lengua,Mujeres,Resto,Bienestar económico,Ingreso inferior a la línea de pobreza extrema,12.8689,7.213682,2.3068,"CONEVAL, anexo estadístico 2022, cuadro 24"
2016,lengua,Hombres,Resto,Bienestar económico,Ingreso inferior a la línea de pobreza extrema,12.3239,6.433885,2.3867,"CONEVAL, anexo estadístico 2022, cuadro 24"
2018,lengua,Mujeres,Indígena,Bienestar económico,Ingreso inferior a la línea de pobreza extrema,44.7498,1.592923,3.4074,"CONEVAL, anexo estadístico 2022, cuadro 24"
2018,lengua,Hombres,Indígena,Bienestar económico,Ingreso inferior a la línea de pobreza extrema,43.9532,1.500189,3.4472,"CONEVAL, anexo estadístico 2022, cuadro 24"
2018,lengua,Mujeres,Resto,Bienestar económico,Ingreso inferior a la línea de pobreza extrema,12.0358,6.918198,2.3238,"CONEVAL, anexo estadístico 2022, cuadro 24"
2018,lengua,Hombres,Resto,Bienestar económico,Ingreso inferior a la línea de pobreza extrema,11.6033,6.260437,2.3732,"CONEVAL, anexo estadístico 2022, cuadro 24"
2020,lengua,Mujeres,Indígena,Bienestar económico,Ingreso inferior a la línea de pobreza extrema,47.0194,1.68276,3.3592,"CONEVAL, anexo estadístico 2022, cuadro 24"
2020,lengua,Hombres,Indígena,Bienestar económico,Ingreso inferior a la línea de pobreza extrema,45.7251,1.501804,3.404,"CONEVAL, anexo estadístico 2022, cuadro 24"
2020,lengua,Mujeres,Resto,Bienestar económico,Ingreso inferior a la línea de pobreza extrema,15.5824,9.270961,2.3461,"CONEVAL, anexo estadístico 2022, cuadro 24"
2020,lengua,Hombres,Resto,Bienestar económico,Ingreso inferior a la línea de pobreza extrema,14.9358,8.298143,2.4253,"CONEVAL, anexo estadístico 2022, cuadro 24"
2022,lengua,Mujeres,Indígena,Bienestar económico,Ingreso inferior a la línea de pobreza extrema,37.5167,1.472092,3.8269,"CONEVAL, anexo estadístico 2022, cuadro 24"
2022,lengua,Hombres,Indígena,Bienestar económico,Ingreso inferior a la línea de pobreza extrema,36.3263,1.313805,3.86,"CONEVAL, anexo estadístico 2022, cuadro 24"
2022,lengua,Mujeres,Resto,Bienestar económico,Ingreso inferior a la línea de pobreza extrema,10.4372,6.367015,2.6204,"CONEVAL, anexo estadístico 2022, cuadro 24"
2022,lengua,Hombres,Resto,Bienestar económico,Ingreso inferior a la línea de pobreza extrema,9.8497,5.50669,2.6534,"CONEVAL, anexo estadístico 2022, cuadro 24"
2016,lengua,Mujeres,Indígena,Bienestar económico,Ingreso inferior a la línea de pobreza,81.3297,2.839179,3.0391,"CONEVAL, anexo estadístico 2022, cuadro 24"
2016,lengua,Hombres,Indígena,Bienestar económico,Ingreso inferior a la línea de pobreza,78.4943,2.617298,2.9868,"CONEVAL, anexo estadístico 2022, cuadro 24"
2016,lengua,Mujeres,Resto,Bienestar económico,Ingreso inferior a la línea de pobreza,49.2223,27.591679,1.7581,"CONEVAL, anexo estadístico 2022, cuadro 24"
2016,lengua,Hombres,Resto,Bienestar económico,Ingreso inferior a la línea de pobreza,47.6147,24.857909,1.8385,"CONEVAL, anexo estadístico 2022, cuadro 24"
2018,lengua,Mujeres,Indígena,Bienestar económico,Ingreso inferior a la línea de pobreza,78.6052,2.79805,3.0686,"CONEVAL, anexo estadístico 2022, cuadro 24"
2018,lengua,Hombres,Indígena,Bienestar económico,Ingreso inferior a la línea de pobreza,76.7901,2.620963,3.1004,"CONEVAL, anexo estadístico 2022, cuadro 24"
2018,lengua,Mujeres,Resto,Bienestar económico,Ingreso inferior a la línea de pobreza,48.4665,27.85868,1.7498,"CONEVAL, anexo estadístico 2022, cuadro 24"
2018,lengua,Hombres,Resto,Bienestar económico,Ingreso inferior a la línea de pobreza,46.6536,25.171564,1.8138,"CONEVAL, anexo estadístico 2022, cuadro 24"
2020,lengua,Mujeres,Indígena,Bienestar económico,Ingreso inferior a la línea de pobreza,79.7347,2.853599,3.1729,"CONEVAL, anexo estadístico 2022, cuadro 24"
2020,lengua,Hombres,Indígena,Bienestar económico,Ingreso inferior a la línea de pobreza,76.8174,2.523004,3.193,"CONEVAL, anexo estadístico 2022, cuadro 24"
2020,lengua,Mujeres,Resto,Bienestar económico,Ingreso inferior a la línea de pobreza,51.5531,30.672328,1.8242,"CONEVAL, anexo estadístico 2022, cuadro 24"
2020,lengua,Hombres,Resto,Bienestar económico,Ingreso inferior a la línea de pobreza,49.891,27.718862,1.918,"CONEVAL, anexo estadístico 2022, cuadro 24"
2022,lengua,Mujeres,Indígena,Bienestar económico,Ingreso inferior a la línea de pobreza,71.7047,2.813574,3.4781,"CONEVAL, anexo estadístico 2022, cuadro 24"
2022,lengua,Hombres,Indígena,Bienestar económico,Ingreso inferior a la línea de pobreza,69.2836,2.505764,3.4962,"CONEVAL, anexo estadístico 2022, cuadro 24"
2022,lengua,Mujeres,Resto,Bienestar económico,Ingreso inferior a la línea de pobreza,42.1725,25.726604,1.9876,"CONEVAL, anexo estadístico 2022, cuadro 24"
2022,lengua,Hombres,Resto,Bienestar económico,Ingreso inferior a la línea de pobreza,40.3068,22.534372,2.0567,"CONEVAL, anexo estadístico 2022, cuadro 24"
2024,lengua,Total,Indígena,Pobreza,Pobreza,66.3,,,"INEGI, Medición de la pobreza 2024, presentación de resultados, p. 35"
2024,lengua,Total,Resto,Pobreza,Pobreza,26.7,,,"INEGI, Medición de la pobreza 2024, presentación de resultados, p. 35"
