id,tipo,ambito,anio,autores,titulo,editorial,tema,cobertura,para_que,cautela,url
D-CENSO-2020,Dataset,Nacional,2021,INEGI,"Censo de Población y Vivienda 2020. Cuestionario ampliado: microdatos",INEGI,Microdatos,"Muestra de 4 millones de viviendas, representativa por entidad y municipio","Fuente de los indicadores de conectividad en la vivienda por condición indígena","La muestra ampliada da cifras cercanas pero no idénticas a las del cuestionario básico, que cubre a toda la población",https://www.inegi.org.mx/programas/ccpv/2020/#microdatos
D-CENSO-2020-RESAGEBURB,Dataset,Ciudad de México,2021,INEGI,"Censo de Población y Vivienda 2020. Principales resultados por AGEB y manzana urbana",INEGI,Tabulado,"Manzanas urbanas del país","Fuente del mapa por manzana de la Ciudad de México","Suprime por confidencialidad las manzanas con muy poca población; no publica autoadscripción",https://www.inegi.org.mx/programas/ccpv/2020/#datos_abiertos
D-ENIGH-2020,Dataset,Nacional,2021,INEGI,"Encuesta Nacional de Ingresos y Gastos de los Hogares (ENIGH) 2020. Nueva serie: microdatos",INEGI,Microdatos,"Representativa por entidad","Acceso del hogar a internet y dispositivos por condición indígena, edición 2020","Levantamiento de agosto a noviembre de 2020, durante la pandemia",https://www.inegi.org.mx/programas/enigh/nc/2020/#microdatos
D-ENIGH-2022,Dataset,Nacional,2023,INEGI,"Encuesta Nacional de Ingresos y Gastos de los Hogares (ENIGH) 2022. Nueva serie: microdatos",INEGI,Microdatos,"Representativa por entidad","Acceso del hogar a internet y dispositivos por condición indígena, edición 2022","",https://www.inegi.org.mx/programas/enigh/nc/2022/#microdatos
D-ENIGH-2024,Dataset,Nacional,2025,INEGI,"Encuesta Nacional de Ingresos y Gastos de los Hogares (ENIGH) 2024. Nueva serie: microdatos",INEGI,Microdatos,"Representativa por entidad","Acceso del hogar a internet y dispositivos por condición indígena, edición 2024","En 2024 la computadora se pregunta separada en escritorio y portátil; aquí se juntan para mantener la serie",https://www.inegi.org.mx/programas/enigh/nc/2024/#microdatos
D-ENDUTIH-2025,Dataset,Nacional,2026,INEGI,"Encuesta Nacional sobre Disponibilidad y Uso de Tecnologías de la Información en los Hogares (ENDUTIH) 2025: microdatos",INEGI,Microdatos,"Representativa por entidad y por tamaño de localidad","Uso personal de internet, computadora y celular por condición indígena","Primera edición con preguntas de lengua indígena y autoadscripción (módulo 6.A); no hay serie histórica con ese corte",https://www.inegi.org.mx/programas/dutih/2025/
R-CENSO-2020-TAB,Referencia,Nacional,2021,INEGI,"Censo de Población y Vivienda 2020. Tabulados del cuestionario básico: disponibilidad de bienes y tecnologías de la información en las viviendas",INEGI,Tabulado,"Viviendas particulares habitadas","Cifra nacional oficial de viviendas con internet, celular y computadora contra la que se coteja la muestra","Publica por vivienda, no por condición indígena de las personas",https://www.inegi.org.mx/programas/ccpv/2020/#tabulados
R-ENIGH-2024-TAB,Referencia,Nacional,2025,INEGI,"ENIGH 2024. Presentación de resultados",INEGI,Tabulado,"Hogares","Cifra oficial de hogares con servicios de comunicación","Publica por hogar; el corte por condición indígena de la persona es cálculo propio",https://www.inegi.org.mx/programas/enigh/nc/2024/#tabulados
R-ENDUTIH-2025-COM,Referencia,Nacional,2026,INEGI,"ENDUTIH 2025. Comunicado de prensa 32/26 (16 de junio de 2026)",INEGI,Comunicado,"Personas de 6 años o más","Cifra nacional oficial de personas usuarias de internet, celular y computadora, y de hogares con internet","La persona usuaria de celular del INEGI dispone de uno y además lo usó; las cifras incluyen a toda la población de 6 años o más, y aquí se excluye a quien no respondió las preguntas de identidad indígena",https://www.inegi.org.mx/contenidos/saladeprensa/boletines/2026/endutih/ENDUTIH_25.pdf
R-ENDUTIH-2025-RR,Referencia,Nacional,2026,INEGI,"ENDUTIH 2025. Reporte de resultados 19/26 (16 de junio de 2026)",INEGI,Informe,"Personas de 6 años o más","Personas usuarias de radio (sección VIII) y composición de las personas usuarias de internet por autoadscripción y lengua indígena (gráfica 5)","La gráfica 5 publica qué parte de quienes usan internet es indígena, no qué parte de la población indígena usa internet; esa segunda cifra no se publica",https://www.inegi.org.mx/contenidos/saladeprensa/boletines/2026/endutih/ENDUTIH_25_RR.pdf
R-INEGI-PI,Referencia,Nacional,2022,INEGI,"Estadísticas a propósito del Día Internacional de los Pueblos Indígenas",INEGI,Comunicado,"Población indígena","Contexto sobre las dos definiciones de población indígena del Censo (lengua y autoadscripción)","",https://www.inegi.org.mx/app/saladeprensa/noticia.html?id=7581
R-IFT-BRECHA,Académica,Nacional,2023,"Instituto Federal de Telecomunicaciones","Cobertura y uso de servicios de telecomunicaciones en localidades rurales e indígenas",IFT,Informe,"Localidades rurales e indígenas","Lectura complementaria sobre cobertura de red en localidades indígenas","Mide cobertura de infraestructura, no uso declarado por las personas",https://www.ift.org.mx/usuarios-y-audiencias/cobertura
D-CONAPO-IMU-2020,Dataset,Nacional,2021,Consejo Nacional de Población,"Índice de marginación urbana por AGEB 2020",CONAPO,Base de datos,"AGEB urbanas del país","Grado e índice de marginación urbana de cada AGEB","Se construye con indicadores de educación, salud, vivienda y bienes del Censo 2020; no incluye ingreso. No clasifica las AGEB con muy poca población",https://www.datos.gob.mx/dataset/indices_marginacion
D-CONEVAL-GRS-2020,Dataset,Nacional,2022,CONEVAL,"Grado de Rezago Social a nivel AGEB urbana 2020",CONEVAL,Base de datos,"61 430 AGEB urbanas del país","Grado de rezago social de cada AGEB y cotejo de población, viviendas e indicadores por AGEB","No es una medición de pobreza: no incorpora ingreso, seguridad social ni alimentación",https://www.coneval.org.mx/Medicion/IRS/Paginas/Rezago_social_AGEB_2020.aspx
R-INPI-ROP-2020,Referencia,Nacional,2020,Instituto Nacional de los Pueblos Indígenas,"Acuerdo por el que se modifican las Reglas de Operación del Programa de Infraestructura Indígena para el ejercicio fiscal 2020",Diario Oficial de la Federación,Norma,"Localidades","Criterio con el que el INPI identifica localidades indígenas: al menos cuarenta por ciento de población indígena (sección 3.2.1)","El criterio se definió para localidades, con condiciones adicionales de marginación y tamaño; aquí se usa solo como referencia para AGEB urbanas",https://dof.gob.mx/nota_detalle.php?codigo=5585710&fecha=06/02/2020
R-CONEVAL-POB-URBANA,Referencia,Nacional,2022,CONEVAL,"Pobreza por localidad urbana 2020",CONEVAL,Medición,"Localidades urbanas","Documenta que para 2020 la pobreza se publicó hasta localidad urbana y no por AGEB","Los rangos de pobreza urbana por AGEB de CONEVAL usan datos de 2015 y no tienen actualización a 2020",https://www.coneval.org.mx/Medicion/Paginas/pobreza_localidad_urbana.aspx
D-ITER-2010,Dataset,Ciudad de México,2011,INEGI,"Censo de Población y Vivienda 2010. Principales resultados por localidad (ITER), Distrito Federal",INEGI,Tabulado,"Entidad, alcaldías y localidades","Hablantes de lengua indígena (3 y 5 años y más), monolingües y población en hogares indígenas por alcaldía, 2010","Conteo censal sin error muestral; no publica la lengua ni la autoadscripción",https://www.inegi.org.mx/contenidos/programas/ccpv/2010/datosabiertos/iter_09_2010_csv.zip
D-ITER-2020,Dataset,Ciudad de México,2021,INEGI,"Censo de Población y Vivienda 2020. Principales resultados por localidad (ITER), Ciudad de México",INEGI,Tabulado,"Entidad, alcaldías y localidades","Hablantes de lengua indígena, monolingües y población en hogares indígenas por alcaldía, 2020","Conteo censal; la definición de hogar indígena añade a los ascendientes desde 2020",https://www.inegi.org.mx/contenidos/programas/ccpv/2020/datosabiertos/iter/iter_09_cpv2020_csv.zip
D-EIC-2015,Dataset,Ciudad de México,2016,INEGI,"Encuesta Intercensal 2015. Microdatos, Ciudad de México",INEGI,Microdatos,"Muestra representativa por alcaldía","Lengua que se habla (clave INALI), autoadscripción, sexo, entidad de nacimiento y residencia en 2010, 2015","Encuesta: cifras con error muestral; no baja de alcaldía",https://www.inegi.org.mx/contenidos/programas/intercensal/2015/microdatos/eic2015_09_csv.zip
D-EIC-2025-105,Dataset,Nacional,2026,INEGI,"Encuesta Intercensal 2025. Principales resultados por localidad de 50 000 y más habitantes (conjunto 105)",INEGI,Tabulado,"Entidades, municipios y localidades de 50 mil y más","Hablantes de 3 años y más, autoadscripción y población en hogares indígenas por alcaldía, 2025, con error estándar","Encuesta levantada del 6 de octubre al 14 de noviembre de 2025; publica porcentajes con error, no la lengua",https://www.inegi.org.mx/contenidos/programas/eic/2025/datosabiertos/conjunto_de_datos_eic2025_105_csv.zip
D-INALI-CLIN-2008,Dataset,Nacional,2008,Instituto Nacional de Lenguas Indígenas,"Catálogo de las Lenguas Indígenas Nacionales: variantes lingüísticas de México con sus autodenominaciones y referencias geoestadísticas",Diario Oficial de la Federación,Catálogo,"11 familias, 68 agrupaciones, 364 variantes","Variantes de cada lengua y los municipios donde el INALI las ubica; base de la variante probable","Es un catálogo de 2008 por localidad de origen; ningún censo registra la variante que habla cada persona",https://www.inali.gob.mx/pdf/CLIN_completo.pdf
R-INEGI-CLASIF-2020,Referencia,Nacional,2021,INEGI,"Clasificaciones del Censo de Población y Vivienda 2020: clasificador de lenguas indígenas (INALI)",INEGI,Clasificador,"72 claves de agrupación lingüística","Nombres de las claves QDIALECT_INALI de 2015 y 2020","Incluye tres claves de lenguas insuficientemente especificadas y una de otras lenguas de América",https://www.inegi.org.mx/contenidos/productos/prod_serv/contenidos/espanol/bvinegi/productos/nueva_estruc/702825198701.pdf
R-SEPI-2024-DIV,Referencia,Ciudad de México,2024,Secretaría de Pueblos y Barrios Originarios y Comunidades Indígenas Residentes,"Diversidad lingüística en la Ciudad de México. Perfil de la población hablante de lenguas indígenas nacionales",Gobierno de la Ciudad de México,Informe,"Hablantes de 3 años y más, Censo 2020","Serie 1990-2020 de hablantes, hablantes por lengua y por alcaldía, monolingües y entidad de nacimiento","Sus tablas por lengua salen del cuestionario básico; la muestra ampliada da cifras cercanas pero no iguales",https://sepi.cdmx.gob.mx/storage/app/uploads/public/66f/472/de4/66f472de449dd418314492.pdf
R-SEPI-2024-PERFIL,Referencia,Ciudad de México,2024,Secretaría de Pueblos y Barrios Originarios y Comunidades Indígenas Residentes,"Población indígena en la Ciudad de México. Perfil estadístico",Gobierno de la Ciudad de México,Informe,"Población autoadscrita, hablante y en hogares indígenas, Censo 2020","Cifra oficial de autoadscripción 2020 (825 348) y perfiles por alcaldía y pueblo originario","",https://sepi.cdmx.gob.mx/storage/app/uploads/public/673/53c/2f3/67353c2f326a7146459428.pdf
R-SECULT-LENGUAS,Referencia,Ciudad de México,2019,"Secretaría de Cultura de la Ciudad de México (asesoría de Andrea Moctezuma Mendoza)","Lenguas indígenas en la Ciudad de México",Gobierno de la Ciudad de México,Documento,"Hablantes de 3 años y más, EIC 2015 y Censo 2010","Tablas de hablantes por lengua, por sexo y alcaldía, y de migración reciente, 2015; base de los análisis del libro","Cita dos totales para 2015 (129 297 en el texto y 129 355 en las tablas); las tablas coinciden con los microdatos",
R-INALI-DATOSGOB,Referencia,Nacional,2025,Instituto Nacional de Lenguas Indígenas,"Población de habla indígena por entidad y lengua, Censo 2020",datos.gob.mx,Tabulado,"Hablantes de 3 años y más por entidad, lengua y sexo","Cotejo de los hablantes por lengua en la CDMX según el cuestionario básico","Usa el cuestionario básico; aquí la lengua sale de la muestra ampliada",https://www.datos.gob.mx/dataset/poblacion_habla_indigena
D-ITER-1990,Dataset,Nacional,1991,INEGI,"XI Censo General de Población y Vivienda 1990. Principales resultados por localidad (ITER)",INEGI,Tabulado,"Entidades, municipios y localidades","Hablantes de lengua indígena de 5 años y más por delegación, 1990 (suma de quienes hablan y no hablan español)","No publica el total de hablantes ni la población de 5 años y más; faltan quienes no especificaron si hablan español (3 905 en la ciudad)",https://www.inegi.org.mx/programas/ccpv/1990/
D-ITER-1995,Dataset,Nacional,1996,INEGI,"Conteo de Población y Vivienda 1995. Principales resultados por localidad (ITER)",INEGI,Tabulado,"Entidades, municipios y localidades","Hablantes de lengua indígena de 5 años y más y monolingües por delegación, 1995","Sin sexo ni hogares indígenas",https://www.inegi.org.mx/programas/ccpv/1995/
D-ITER-2000,Dataset,Nacional,2001,INEGI,"XII Censo General de Población y Vivienda 2000. Principales resultados por localidad (ITER)",INEGI,Tabulado,"Entidades, municipios y localidades","Hablantes de lengua indígena de 5 años y más y monolingües por delegación, 2000","Sin sexo ni hogares indígenas",https://www.inegi.org.mx/programas/ccpv/2000/
D-ITER-2005,Dataset,Nacional,2006,INEGI,"II Conteo de Población y Vivienda 2005. Principales resultados por localidad (ITER)",INEGI,Tabulado,"Entidades, municipios y localidades","Hablantes de lengua indígena de 5 años y más por sexo, monolingües y población en hogares indígenas por delegación, 2005","Primera edición con hablantes por sexo y hogares indígenas por delegación",https://www.inegi.org.mx/programas/ccpv/2005/
D-CENSO-1990-MUESTRA,Dataset,Ciudad de México,1992,INEGI,"XI Censo General de Población y Vivienda 1990. Muestra del 10 %, Distrito Federal",INEGI,Microdatos,"Una de cada diez viviendas","Lengua que se habla (clasificador histórico) y entidad de nacimiento por delegación, 1990","Autoponderada, sin factor ni diseño publicado: sin error muestral estimable. No pregunta autoadscripción",https://www.inegi.org.mx/programas/ccpv/1990/#microdatos
D-CENSO-2000-AMP,Dataset,Ciudad de México,2001,INEGI,"XII Censo General de Población y Vivienda 2000. Cuestionario ampliado, Distrito Federal",INEGI,Microdatos,"Muestra con factor, estrato y UPM","Lengua (clasificador histórico), pertenencia a un grupo indígena (5 años y más), residencia en 1995 por delegación","La pregunta de pertenencia era distinta a la de autoadscripción de 2010 en adelante; la muestra sobreestima a los hablantes frente al conteo (168 256 contra 141 710)",https://www.inegi.org.mx/programas/ccpv/2000/#microdatos
D-CONTEO-2005-MUESTRA,Dataset,Ciudad de México,2006,INEGI,"II Conteo de Población y Vivienda 2005. Muestra, Distrito Federal",INEGI,Microdatos,"Una de cada diez viviendas","Lengua que se habla (clasificador histórico) y residencia en 2000 por delegación, 2005","Autoponderada, sin error muestral; sin autoadscripción ni entidad de nacimiento",https://www.inegi.org.mx/programas/ccpv/2005/#microdatos
D-CENSO-2010-AMP,Dataset,Ciudad de México,2011,INEGI,"Censo de Población y Vivienda 2010. Cuestionario ampliado, Distrito Federal",INEGI,Microdatos,"Muestra con factor, estrato y UPM","Lengua (clave INALI), autoadscripción (3 años y más), entidad de nacimiento y residencia en 2005 por delegación","La autoadscripción da 5.0 % de la población, por debajo del 8.8 % de 2015; pendiente el cotejo con el tabulado oficial de la muestra",https://www.inegi.org.mx/programas/ccpv/2010/#microdatos
D-EIC-2025-MICRO,Dataset,Nacional,2026,INEGI,"Encuesta Intercensal 2025. Microdatos",INEGI,Microdatos,"Muestra con factor, estrato y UPM, 32 entidades","Lengua (clave INALI), autoadscripción, entidad de nacimiento y residencia en 2020 por alcaldía, 2025","Reproduce el tabulado 105: 1.40 % de hablantes y 6.76 % de autoadscritos en la ciudad",https://www.inegi.org.mx/programas/eic/2025/#microdatos
R-INALI-EST-2000,Referencia,Nacional,2010,Instituto Nacional de Lenguas Indígenas,"Estadística básica de la población hablante de lenguas indígenas nacionales 2000: cuadros por variante lingüística",INALI,Tabulado,"364 variantes, localidades con asentamientos históricos","Única estimación oficial de hablantes por variante; su método (Censo por localidad cruzado con el Catálogo) es el que aquí se aplica al lugar de origen, y sus cuadros son el contraste del orden de las variantes","Censo 2000 y solo asentamientos históricos; marca con asterisco las variantes que comparten localidades (sobreestimación)",https://site.inali.gob.mx/Micrositios/estadistica_basica/index_variantes_linguisticas.html
D-CENSO-2010-RESAGEBURB,Dataset,Ciudad de México,2011,INEGI,"Censo de Población y Vivienda 2010. Principales resultados por AGEB y manzana urbana, Distrito Federal",INEGI,Tabulado,"2 432 AGEB y 63 239 manzanas urbanas de la ciudad","Edición 2010 del mapa por AGEB y manzana: hablantes de 3 y 5 años y más, población en hogares indígenas, sexo","Suprime con * las manzanas con muy poca población; no publica viviendas con características ni clasificaciones de marginación y rezago",https://www.inegi.org.mx/programas/ccpv/2010/#datos_abiertos
D-INEGI-CGU-2010,Dataset,Ciudad de México,2011,INEGI,"Cartografía geoestadística urbana. Cierre del Censo de Población y Vivienda 2010, Distrito Federal (16 archivos, uno por delegación)",INEGI,Cartografía,"33 localidades urbanas de la ciudad: 2 432 AGEB y 63 239 manzanas","Polígonos de AGEB y manzana con la clave CVEGEO tal como quedaron al cierre del Censo 2010","La proyección (cónica conforme de Lambert sobre ITRF92) no viene legible para GDAL y se asigna a mano; el Marco Geoestadístico 2010 v5.0 nacional no publica manzanas",https://www.inegi.org.mx/app/biblioteca/ficha.html?upc=702825585303
R-CENSO-2010-TAB-AMP,Referencia,Ciudad de México,2011,INEGI,"Censo de Población y Vivienda 2010. Tabulados del cuestionario ampliado: población de 3 años y más y su distribución porcentual según condición de autoadscripción étnica para cada delegación (05_02A)",INEGI,Tabulado,"Distrito Federal y sus 16 delegaciones","Cifra oficial de autoadscripción indígena 2010 para el cotejo de la muestra","Publica porcentaje con error estándar e intervalo; varias delegaciones traen error estándar cero, artefacto del tabulado",https://www.inegi.org.mx/contenidos/programas/ccpv/2010/tabulados/ampliado/05_02A_MUNICIPAL_09.xls
D-ITER-2020-NAL,Dataset,Nacional,2021,INEGI,"Censo de Población y Vivienda 2020. Principales resultados por localidad (ITER), Estados Unidos Mexicanos",INEGI,Tabulado,"Todas las localidades del país, con filas de total por municipio y entidad","Hablantes de 3 años y más por sexo y población en hogares indígenas por entidad y municipio (beta del libro)","Conteo exacto; no publica grupos de edad ni autoadscripción, que salen de la muestra",https://www.inegi.org.mx/programas/ccpv/2020/#datos_abiertos
D-INPI-2020-HOG,Dataset,Nacional,2022,Instituto Nacional de los Pueblos Indígenas,"Indicadores socioeconómicos de los pueblos indígenas y afromexicano 2020. Población indígena en hogares por entidad federativa y por municipio",INPI,Tabulado,"32 entidades y 2 469 municipios; también localidad","Población indígena según la metodología del INPI (hogares indígenas más hablantes fuera de ellos, todas las edades) y tipología municipal de presencia indígena","No usa la autoadscripción; el corte de 40 % se aplica sobre un valor redondeado y se usa la columna publicada",https://www.inpi.gob.mx/indicadores2020/
D-INPI-2020-AUTO,Dataset,Nacional,2022,Instituto Nacional de los Pueblos Indígenas,"Indicadores socioeconómicos de los pueblos indígenas y afromexicano 2020. Población indígena autoadscrita por entidad y por municipio (muestra censal)",INPI,Tabulado,"32 entidades y 2 469 municipios, con error estándar e intervalo de 90 %","Cotejo oficial de la autoadscripción estimada con la muestra del Censo 2020 por municipio","Tres municipios sin estimación por muestra insuficiente; 786 municipios censados sin error",https://www.inpi.gob.mx/indicadores2020/
R-CENSO-2020-TAB-ETN,Referencia,Nacional,2021,INEGI,"Censo de Población y Vivienda 2020. Tabulados básicos: Etnicidad (población de 3 años y más hablante de lengua indígena por lengua, sexo y edad)",INEGI,Tabulado,"Estados Unidos Mexicanos y entidades","Cifras oficiales de hablantes por lengua 2020 para el cotejo de la muestra nacional","Conteo del cuestionario básico; la muestra del ampliado sobreestima 2 %",https://www.inegi.org.mx/contenidos/programas/ccpv/2020/tabulados/cpv2020_b_eum_05_etnicidad.xlsx
R-INEGI-2004-PI,Referencia,Nacional,2004,INEGI,"La Población Indígena en México. Cuadro: población de 5 y más años y total de hablantes de lengua indígena, 1990 - 2000",INEGI,Publicación,"Serie histórica nacional","Hablantes de 5 años y más de 1990 y 1995 para la serie nacional","En 1990 la cifra incluye 208 161 hablantes sin especificar si hablan español; el ITER 1995 da una cifra menor que la publicada",https://www.inegi.org.mx/contenidos/productos/prod_serv/contenidos/espanol/bvinegi/productos/historicos/2104/702825497583/702825497583_2.pdf
R-EIC-2025-TAB-ETN,Referencia,Nacional,2026,INEGI,"Encuesta Intercensal 2025. Tabulados: Etnicidad",INEGI,Tabulado,"Estados Unidos Mexicanos y entidades","Hablantes de 3 años y más y autoadscripción 2025 para la serie nacional","Población en viviendas particulares; publica porcentajes con seis decimales",https://www.inegi.org.mx/contenidos/programas/eic/2025/tabulados/eic2025_etnicidad.xlsx
D-INALI-RIESGO-2012,Dataset,Nacional,2012,"Instituto Nacional de Lenguas Indígenas (Embriz Osorio, A. y Zamora Alarcón, O., coords.)","México. Lenguas indígenas nacionales en riesgo de desaparición: variantes lingüísticas por grado de riesgo",INALI,Publicación,"Las 364 variantes del Catálogo 2008","Grado de riesgo de desaparición de cada variante (muy alto, alto, mediano, no inmediato)","Clasificación con datos del Censo 2000; es la única oficial por variante, el INALI no la ha actualizado",https://site.inali.gob.mx/pdf/libro_lenguas_indigenas_nacionales_en_riesgo_de_desaparicion.pdf
D-ENADIS-2017,Dataset,Nacional,2018,INEGI,"Encuesta Nacional sobre Discriminación (ENADIS) 2017. Microdatos, módulo de población indígena",INEGI,Microdatos,"Nacional; el módulo indígena no tiene dominio estatal","Discriminación, derechos negados y opinión de la población indígena de 12 años y más","Solo representativa a nivel nacional; en 2017 entraba al módulo quien habla lengua indígena o se considera indígena por comunidad o por padres",https://www.inegi.org.mx/programas/enadis/2017/
D-ENADIS-2022,Dataset,Nacional,2023,INEGI,"Encuesta Nacional sobre Discriminación (ENADIS) 2022. Microdatos, módulo de población indígena",INEGI,Microdatos,"Nacional (diseño muestral, p. 2)","Discriminación, derechos negados y opinión de la población indígena de 12 años y más","Solo representativa a nivel nacional; amplió la definición de quién entra al módulo y los motivos de discriminación (de 10 a 16)",https://www.inegi.org.mx/programas/enadis/2022/
R-ENADIS-2022-BOL,Referencia,Nacional,2023,INEGI,"Comunicado de prensa 275/23. Encuesta Nacional sobre Discriminación 2022",INEGI,Comunicado,"Nacional","Cifras publicadas de discriminación y derechos negados a la población indígena, 2017 y 2022","",https://www.inegi.org.mx/contenidos/saladeprensa/boletines/2023/ENADIS/ENADIS_Nal22.pdf
R-ENADIS-2017-BOL,Referencia,Nacional,2018,INEGI,"Comunicado de prensa 346/18. Encuesta Nacional sobre Discriminación 2017",INEGI,Comunicado,"Nacional","Cifras publicadas de derechos negados y ámbitos de discriminación a la población indígena, 2017","",https://www.inegi.org.mx/contenidos/saladeprensa/boletines/2018/EstSociodemo/ENADIS2017_08.pdf
R-EIC-2025-ENT09,Referencia,Ciudad de México,2026,INEGI,"Encuesta Intercensal 2025. Principales resultados, Ciudad de México (conjunto 105)",INEGI,Tabulado,"Entidad y localidades","Indicadores publicados de actividad, afiliación, discapacidad y lengua para el cotejo del perfil","Los porcentajes incluyen el no especificado en el denominador",https://www.inegi.org.mx/programas/eic/2025/
D-CONEVAL-AE-2022,Dataset,Nacional,2023,CONEVAL,Medición multidimensional de la pobreza 2022. Anexo estadístico nacional y estatal,CONEVAL,Tabulado,Nacional; la condición indígena no se desglosa por entidad,"Pobreza, pobreza extrema y carencias sociales de la población indígena y hablante, 2016 - 2022, también por sexo","Define a la población indígena con el hogar indígena del INPI, no con la autoadscripción; la carencia de salud cambia en 2020 y 2022 por la sustitución del Seguro Popular",https://www.coneval.org.mx/Medicion/MP/Paginas/AE_pobreza_2022.aspx
R-INEGI-PM-2024,Referencia,Nacional,2025,INEGI,Medición de la pobreza 2024. Presentación de resultados,INEGI,Presentación,Nacional,"Pobreza de hablantes y no hablantes de lengua indígena, 2024",Solo publica el corte por lengua; la serie por pertenencia étnica de 2024 no está en tabla,https://www.inegi.org.mx/contenidos/desarrollosocial/pm/doc/pm_presentacion_2024.pdf
D-ENDIREH-2021,Dataset,Nacional,2022,INEGI,Encuesta Nacional sobre la Dinámica de las Relaciones en los Hogares (ENDIREH) 2021. Microdatos,INEGI,Microdatos,Nacional y por entidad federativa,"Prevalencia de violencia contra las mujeres de 15 años y más por ámbito y tipo, por condición indígena",La condición indígena la responde el informante del hogar; cada ámbito tiene su universo,https://www.inegi.org.mx/programas/endireh/2021/
R-ENDIREH-2021-TAB,Referencia,Nacional,2022,INEGI,ENDIREH 2021. Tabulados: prevalencia de la violencia (hojas 21.13 y 21.14),INEGI,Tabulado,Nacional y por entidad,Prevalencias publicadas por condición de habla y autoadscripción indígena,,https://www.inegi.org.mx/contenidos/programas/endireh/2021/tabulados/xxi_prevalencia_de_la_violencia_estimaciones_endireh2021.xlsx
R-EIC-2015-TAB-ETN,Referencia,Nacional,2015,INEGI,Encuesta Intercensal 2015. Tabulados: Etnicidad,Instituto Nacional de Estadística y Geografía,lengua indígena; autoadscripción,nacional y entidades,Cotejar los hablantes de 3 años y más calculados con los microdatos nacionales.,Los grupos de edad del tabulado empiezan en 3 - 17 años: no publica 5 años y más.,https://www.inegi.org.mx/contenidos/programas/intercensal/2015/tabulados/05_etnicidad.xls
D-EIC-2015-NAL,Dataset,Nacional,2015,INEGI,"Encuesta Intercensal 2015. Microdatos, 32 entidades",Instituto Nacional de Estadística y Geografía,lengua indígena,nacional,"Hablantes de 5 años y más del país en 2015, con error de diseño.",Estimación de encuesta.,https://www.inegi.org.mx/programas/intercensal/2015/#microdatos
D-IECM-COLONIAS-2022,Dataset,Ciudad de México,2022,Instituto Electoral de la Ciudad de México,Colonias de la Ciudad de México (IECM 2022),Portal de Datos Abiertos de la CDMX,geografía,Ciudad de México,Capa de colonias a la que se agregan las manzanas del Censo.,"Delimitación electoral, no censal: la agregación es por manzana.",https://datos.cdmx.gob.mx/dataset/d8f83ce7-163d-4c2a-96e0-ae38d304c4a0
D-SEPI-PUEBLOS,Dataset,Ciudad de México,2023,Secretaría de Pueblos y Barrios Originarios y Comunidades Indígenas Residentes (SEPI),Pueblos originarios de la Ciudad de México (padrón),Portal de Datos Abiertos de la CDMX,pueblos originarios,Ciudad de México,Marcar las colonias que corresponden a un pueblo o barrio originario.,El padrón reconoce 50 pueblos; el cruce con las colonias es por clave de unidad territorial.,https://datos.cdmx.gob.mx/dataset/cfcb1777-6279-46c9-a56f-92bbd8e06838
R-CONTEO-2005-TAB-LI,Referencia,Nacional,2006,INEGI,II Conteo de Población y Vivienda 2005. Tabulados básicos: lengua indígena (población en hogares indígenas),INEGI,Tabulado,Nacional y entidades,"Población en hogares indígenas del país en 2005, para la serie nacional.","Hogar indígena definido por la jefa, el jefe o su cónyuge; desde 2020 incluye a los ascendientes.",https://www.inegi.org.mx/contenidos/programas/ccpv/2005/tabulados/Cont2005_NAL_Lengua_indigena.xls
