lugar,familia,agrupacion,variante,hablantes_2000,hablantes_2000_loc30,localidades,localidades_30,prop_hablantes,prop_ninos,grado_num,grado
1,Cochimí-yumana,ku'ahl,ku'ahl,0.0,0.0,0.0,0.0,0.0,0.0,1,Muy alto
2,Maya,Awakateko,Awakateko,3.0,0.0,2.0,0.0,0.08,0.0,1,Muy alto
3,Maya,qato'k,tuzanteco,5.0,0.0,1.0,0.0,0.24,0.0,1,Muy alto
4,Mixe-zoque,ayapaneco,ayapaneco,8.0,0.0,3.0,0.0,0.15,0.0,1,Muy alto
5,Maya,Ixil,Ixil nebajeño,12.0,0.0,1.0,0.0,0.86,8.33,1,Muy alto
6,Oto-mangue,zapoteco,zapoteco de Mixtepec,14.0,0.0,1.0,0.0,3.9,0.0,1,Muy alto
7,Oto-mangue,ixcateco,ixcateco,21.0,0.0,1.0,0.0,3.93,4.76,1,Muy alto
8,Cochimí-yumana,kiliwa,kiliwa,29.0,0.0,6.0,0.0,0.02,6.9,1,Muy alto
9,Maya,Kaqchikel,Kaqchikel,35.0,0.0,7.0,0.0,0.5,0.0,1,Muy alto
10,Oto-mangue,zapoteco,zapoteco de San Felipe Tejalápam,50.0,0.0,14.0,0.0,1.43,0.0,1,Muy alto
11,Maya,Ixil,Ixil chajuleño,52.0,0.0,3.0,0.0,1.76,11.54,1,Muy alto
12,Oto-mangue,zapoteco,zapoteco de Asunción Tlacolulita,53.0,0.0,2.0,0.0,16.11,1.89,1,Muy alto
13,Mixe-zoque,oluteco,oluteco,60.0,0.0,7.0,0.0,0.56,0.0,1,Muy alto
14,Oto-mangue,chocholteco,chocholteco del oeste,62.0,0.0,13.0,0.0,9.79,3.23,1,Muy alto
15,Maya,K'iche',K'iche' (occidental),65.0,0.0,1.0,0.0,2.47,15.38,1,Muy alto
16,Maya,K'iche',K'iche' (central),65.0,0.0,1.0,0.0,2.47,15.38,1,Muy alto
17,Maya,Teko,Teko,71.0,0.0,8.0,0.0,3.47,0.0,1,Muy alto
18,Yuto-nahua,pápago,pápago,94.0,0.0,19.0,0.0,0.16,11.7,1,Muy alto
19,Maya,K'iche',K'iche' (oriental),96.0,0.0,5.0,0.0,1.64,15.63,1,Muy alto
20,Yuto-nahua,náhuatl,mexicano de occidente,107.0,0.0,22.0,0.0,1.77,29.91,1,Muy alto
21,Yuto-nahua,náhuatl,mexicano alto de occidente,127.0,0.0,26.0,0.0,0.53,8.66,1,Muy alto
22,Maya,qato'k,mocho',141.0,0.0,1.0,0.0,0.91,0.0,1,Muy alto
23,Oto-mangue,zapoteco,"zapoteco de Valles, oeste",211.0,0.0,23.0,0.0,1.81,5.69,1,Muy alto
24,Oto-mangue,mixteco,mixteco de Guerrero de la costa central,255.0,0.0,26.0,0.0,0.95,26.67,1,Muy alto
25,Oto-mangue,zapoteco,"zapoteco de Valles, del centro",257.0,0.0,3.0,0.0,13.79,1.56,1,Muy alto
26,Oto-mangue,otomí,otomí de Tilapa o del sur,292.0,0.0,1.0,0.0,4.0,1.37,1,Muy alto
27,Oto-mangue,tlahuica,tlahuica,405.0,0.0,10.0,0.0,6.32,2.47,1,Muy alto
28,Oto-mangue,otomí,otomí del oeste,415.0,0.0,38.0,0.0,0.44,4.1,1,Muy alto
29,Mixe-zoque,texistepequeño,texistepequeño,426.0,0.0,4.0,0.0,4.75,0.23,1,Muy alto
30,Yuto-nahua,náhuatl,mexicano del oriente,434.0,0.0,29.0,0.0,0.27,6.22,1,Muy alto
31,Oto-mangue,otomí,otomí de Ixtenco,461.0,0.0,1.0,0.0,8.85,1.95,1,Muy alto
32,Totonaco-tepehua,totonaco,totonaco del sureste,487.0,0.0,61.0,0.0,0.74,3.7,1,Muy alto
33,Oto-mangue,popoloca,popoloca del poniente,504.0,0.0,6.0,0.0,15.09,2.18,1,Muy alto
34,Oto-mangue,tlapaneco,tlapaneco del sur,592.0,0.0,11.0,0.0,6.9,5.91,1,Muy alto
35,Chontal de Oaxaca,chontal de Oaxaca,chontal de Oaxaca de la costa,1060.0,0.0,22.0,0.0,8.55,2.92,1,Muy alto
36,Oto-mangue,zapoteco,"zapoteco de Valles, del noroeste bajo",1128.0,0.0,15.0,0.0,4.94,14.72,1,Muy alto
37,Maya,Mam,Mam del sur,1289.0,0.0,4.0,0.0,20.51,24.98,1,Muy alto
38,Oto-mangue,zapoteco,"zapoteco de Valles, norte",1303.0,0.0,27.0,0.0,13.54,2.0,1,Muy alto
39,Yuto-nahua,náhuatl,mexicano del centro,1696.0,0.0,58.0,0.0,0.59,3.95,1,Muy alto
40,Maya,Mam,Mam del norte,1755.0,0.0,9.0,0.0,18.71,24.16,1,Muy alto
41,Maya,Mam,Mam de la Sierra,1788.0,0.0,256.0,0.0,2.49,2.74,1,Muy alto
42,Yuto-nahua,náhuatl,mexicano de Puente de Ixtla,2990.0,0.0,26.0,0.0,2.28,5.79,1,Muy alto
43,Yuto-nahua,náhuatl,mexicano del centro alto,6824.0,0.0,115.0,0.0,1.02,3.69,1,Muy alto
44,Mixe-zoque,zoque,zoque del sur,84.0,28.0,11.0,1.0,93.33,42.86,1,Muy alto
45,Álgica,Kickapoo,Kickapoo,105.0,95.0,2.0,1.0,94.06,22.11,1,Muy alto
46,Cochimí-yumana,cucapá,cucapá,119.0,74.0,16.0,2.0,45.12,8.11,1,Muy alto
47,Yuto-nahua,pima,pima del norte,155.0,57.0,29.0,2.0,38.78,29.82,1,Muy alto
48,Yuto-nahua,pima,pima del sur,159.0,27.0,33.0,1.0,51.92,29.63,1,Muy alto
49,Cochimí-yumana,paipai,paipai,162.0,57.0,32.0,1.0,54.29,14.04,1,Muy alto
50,Oto-mangue,zapoteco,"zapoteco de la Sierra sur, noroeste bajo",164.0,14.0,28.0,1.0,43.75,0.0,1,Muy alto
51,Oto-mangue,chocholteco,chocholteco del sur,200.0,79.0,10.0,2.0,37.62,10.13,1,Muy alto
52,Oto-mangue,mixteco,mixteco del noreste bajo,220.0,86.0,24.0,3.0,34.26,0.0,1,Muy alto
53,Cochimí-yumana,kumiai,kumiai,221.0,92.0,31.0,2.0,46.23,23.91,1,Muy alto
54,Chontal de Oaxaca,chontal de Oaxaca,chontal de Oaxaca bajo,223.0,99.0,4.0,1.0,31.43,9.09,1,Muy alto
55,Oto-mangue,mixteco,mixteco de San Miguel Piedras,243.0,19.0,7.0,1.0,38.78,0.0,1,Muy alto
56,Yuto-nahua,huichol,huichol del oeste,303.0,81.0,3.0,1.0,69.23,49.38,1,Muy alto
57,Oto-mangue,pame,pame del norte,337.0,78.0,43.0,1.0,49.37,19.23,1,Muy alto
58,Oto-mangue,zapoteco,"zapoteco de la Sierra sur, del este bajo",420.0,11.0,45.0,1.0,57.89,45.45,1,Muy alto
59,Maya,Jakalteko,Jakalteko,504.0,42.0,36.0,1.0,57.53,9.52,1,Muy alto
60,Oto-mangue,mixteco,mixteco de Guerrero de la costa occidental,506.0,16.0,54.0,1.0,100.0,43.75,1,Muy alto
61,Yuto-nahua,náhuatl,mexicano bajo de occidente,907.0,37.0,52.0,1.0,36.27,2.7,1,Muy alto
62,Oto-mangue,otomí,otomí del oeste del Valle del Mezquital,2140.0,19.0,92.0,1.0,32.76,0.0,1,Muy alto
63,Maya,chontal de Tabasco,chontal de Tabasco del sureste,4976.0,51.0,85.0,1.0,33.33,5.88,1,Muy alto
64,Oto-mangue,zapoteco,"zapoteco de Valles, del noroeste medio",20448.0,53.0,61.0,2.0,32.12,16.98,1,Muy alto
65,Oto-mangue,zapoteco,zapoteco de Zimatlán de Álvarez,562.0,105.0,9.0,1.0,35.23,2.86,2,Alto
66,Oto-mangue,chocholteco,chocholteco del este,180.0,127.0,6.0,3.0,41.64,6.3,2,Alto
67,Oto-mangue,mixteco,mixteco de Zapotitlán,396.0,147.0,12.0,2.0,36.57,4.76,2,Alto
68,Oto-mangue,mixteco,mixteco de Santa Cruz Itundujia,851.0,225.0,75.0,5.0,38.46,12.89,2,Alto
69,Oto-mangue,zapoteco,zapoteco de San Bartolo Yautepec,246.0,241.0,3.0,1.0,36.74,0.83,2,Alto
70,Yuto-nahua,náhuatl,mexicano del centro bajo,492.0,251.0,11.0,1.0,33.38,8.76,2,Alto
71,Maya,chontal de Tabasco,chontal de Tabasco del norte,3894.0,295.0,95.0,2.0,39.02,10.17,2,Alto
72,Yuto-nahua,náhuatl,náhuatl alto del norte de Puebla,1350.0,335.0,63.0,1.0,54.74,6.27,2,Alto
73,Oto-mangue,mixteco,mixteco de Villa de Tututepec,1019.0,349.0,48.0,2.0,31.93,11.75,2,Alto
74,Seri,Seri,seri,356.0,356.0,2.0,2.0,64.73,23.31,2,Alto
75,Oto-mangue,mixteco,mixteco de San Juan Teita,368.0,363.0,4.0,2.0,70.21,17.08,2,Alto
76,Oto-mangue,mixteco,mixteco de San Pedro Tidaá,384.0,381.0,2.0,1.0,49.93,2.1,2,Alto
77,Oto-mangue,chinanteco,chinanteco central bajo,442.0,389.0,5.0,2.0,49.05,16.97,2,Alto
78,Maya,Mam,Mam del Soconusco,2196.0,412.0,149.0,3.0,33.88,11.65,2,Alto
79,Oto-mangue,chatino,chatino de Zacatepec,453.0,453.0,1.0,1.0,42.94,8.17,2,Alto
80,Oto-mangue,mixteco,mixteco de San Pedro Molinos,464.0,454.0,7.0,4.0,80.78,20.93,2,Alto
81,Oto-mangue,zapoteco,zapoteco de San Antonino el Alto,504.0,462.0,11.0,6.0,46.39,11.04,2,Alto
82,Oto-mangue,mixteco,mixteco alto de Valles,711.0,516.0,34.0,14.0,46.15,7.17,2,Alto
83,Oto-mangue,mixteco,mixteco de Tlaltempan,523.0,523.0,1.0,1.0,76.57,8.41,2,Alto
84,Oto-mangue,zapoteco,"zapoteco de la Sierra sur, noroeste",849.0,545.0,21.0,5.0,38.85,11.19,2,Alto
85,Oto-mangue,mixteco,mixteco de San Agustín Tlacotepec,555.0,548.0,11.0,9.0,83.41,12.41,2,Alto
86,Oto-mangue,popoloca,popoloca del centro,641.0,637.0,3.0,2.0,40.06,2.2,2,Alto
87,Oto-mangue,matlatzinca,matlatzinca,645.0,645.0,1.0,1.0,56.63,9.77,2,Alto
88,Oto-mangue,mixteco,mixteco del sureste central,711.0,711.0,8.0,8.0,83.45,24.05,2,Alto
89,Oto-mangue,mixteco,mixteco de Santa Inés de Zaragoza,775.0,733.0,32.0,23.0,45.9,3.14,2,Alto
90,Oto-mangue,mixteco,mixteco del suroeste de Puebla,1074.0,860.0,20.0,1.0,84.07,10.93,2,Alto
91,Oto-mangue,zapoteco,"zapoteco de la Sierra sur, del sureste bajo",1087.0,979.0,31.0,13.0,68.18,23.39,2,Alto
92,Oto-mangue,zapoteco,"zapoteco de Valles, noroeste",2641.0,1113.0,30.0,1.0,64.04,16.8,2,Alto
93,Chontal de Oaxaca,chontal de Oaxaca,chontal de Oaxaca alto,2197.0,1367.0,53.0,10.0,47.71,12.07,2,Alto
94,Oto-mangue,mixteco,mixteco de Cañada central,1878.0,1392.0,55.0,27.0,49.26,10.99,2,Alto
95,Oto-mangue,mazateco,mazateco del sur,1502.0,1469.0,8.0,1.0,82.39,16.61,2,Alto
96,Totonaco-tepehua,tepehua,tepehua del sur,1794.0,1594.0,39.0,4.0,47.94,14.12,2,Alto
97,Yuto-nahua,náhuatl,mexicano de Tetela del Volcán,1953.0,1897.0,14.0,4.0,37.2,6.27,2,Alto
98,Yuto-nahua,náhuatl,mexicano del oriente de Puebla,4795.0,2064.0,76.0,16.0,40.09,12.94,2,Alto
99,Oto-mangue,zapoteco,zapoteco de San Baltazar Chichicapam,2585.0,2582.0,2.0,1.0,96.52,23.35,2,Alto
100,Maya,huasteco,huasteco de oriente,5964.0,2807.0,166.0,15.0,41.63,6.56,2,Alto
101,Oto-mangue,zapoteco,"zapoteco serrano, del oeste",3164.0,2998.0,35.0,11.0,65.24,13.98,2,Alto
102,Mixe-zoque,zoque,zoque del oeste,3432.0,3002.0,34.0,14.0,53.51,14.02,2,Alto
103,Oto-mangue,zapoteco,"zapoteco de la montaña del Istmo, alto",3441.0,3233.0,41.0,26.0,67.37,14.32,2,Alto
104,Oto-mangue,mixteco,mixteco de la frontera Puebla-Oaxaca,3791.0,3338.0,74.0,29.0,55.26,8.75,2,Alto
105,Oto-mangue,zapoteco,zapoteco de Petapa,4613.0,3957.0,35.0,19.0,44.48,6.82,2,Alto
106,Yuto-nahua,mayo,mayo,32869.0,11975.0,871.0,112.0,42.51,7.02,2,Alto
107,Oto-mangue,otomí,otomí del centro,84652.0,40605.0,886.0,75.0,46.71,12.11,2,Alto
108,Yuto-nahua,cora,cora de Rosarito,102.0,102.0,1.0,1.0,56.67,33.33,3,Mediano
109,Maya,Mam,Mam de la frontera,949.0,171.0,151.0,6.0,58.76,35.67,3,Mediano
110,Mixe-zoque,sayulteco,sayulteco,3211.0,177.0,52.0,9.0,61.03,31.64,3,Mediano
111,Yuto-nahua,pima,pima del este,337.0,197.0,22.0,10.0,63.55,25.38,3,Mediano
112,Yuto-nahua,cora,cora francisqueño,211.0,211.0,1.0,1.0,51.84,35.07,3,Mediano
113,Yuto-nahua,cora,cora de Dolores,241.0,241.0,1.0,1.0,93.41,32.78,3,Mediano
114,Oto-mangue,mixteco,mixteco de Guerrero de la costa este,2439.0,260.0,122.0,9.0,43.99,32.69,3,Mediano
115,Maya,Akateko,Akateko,528.0,291.0,8.0,1.0,60.25,33.68,3,Mediano
116,Maya,Q'eqchi',Q'eqchi',545.0,422.0,7.0,2.0,36.82,46.68,3,Mediano
117,Yuto-nahua,náhuatl,mexicano del noroeste,592.0,471.0,45.0,15.0,66.34,44.59,3,Mediano
118,Yuto-nahua,guarijío,guarijío del norte,696.0,496.0,70.0,15.0,79.11,30.85,3,Mediano
119,Yuto-nahua,náhuatl,mexicano central bajo,1803.0,496.0,47.0,5.0,68.23,32.26,3,Mediano
120,Oto-mangue,tlapaneco,tlapaneco del oeste,549.0,514.0,6.0,3.0,71.19,36.58,3,Mediano
121,Yuto-nahua,guarijío,guarijío del sur,617.0,515.0,22.0,6.0,80.59,29.32,3,Mediano
122,Yuto-nahua,tepehuano del sur,tepehuano del sur central,534.0,534.0,7.0,7.0,89.6,39.51,3,Mediano
123,Yuto-nahua,tarahumara,tarahumara de Cumbres,544.0,540.0,2.0,1.0,70.13,37.59,3,Mediano
124,Maya,lacandón,lacandón,563.0,556.0,8.0,5.0,94.88,36.15,3,Mediano
125,Oto-mangue,mixteco,mixteco de Mitlatongo,600.0,600.0,1.0,1.0,94.94,35.83,3,Mediano
126,Oto-mangue,zapoteco,zapoteco de Quiavicuzas,623.0,623.0,1.0,1.0,97.34,37.72,3,Mediano
127,Yuto-nahua,cora,cora corapeño,993.0,657.0,44.0,4.0,68.87,34.7,3,Mediano
128,Oto-mangue,mixteco,mixteco de Xonacatlán,666.0,666.0,1.0,1.0,99.25,40.99,3,Mediano
129,Oto-mangue,zapoteco,"zapoteco serrano, bajo",1823.0,696.0,39.0,10.0,49.22,25.43,3,Mediano
130,Oto-mangue,mixteco,mixteco del noroeste medio,3547.0,735.0,39.0,9.0,74.32,28.57,3,Mediano
131,Oto-mangue,mazateco,mazateco de Ocopetatillo,757.0,757.0,1.0,1.0,98.57,29.59,3,Mediano
132,Yuto-nahua,cora,cora presideño,1047.0,777.0,47.0,12.0,85.29,39.77,3,Mediano
133,Oto-mangue,zapoteco,zapoteco de Santa María Temaxcalapa,843.0,843.0,1.0,1.0,98.48,26.57,3,Mediano
134,Oto-mangue,mixteco,mixteco de Chochoapa,856.0,856.0,1.0,1.0,98.39,36.8,3,Mediano
135,Oto-mangue,mixteco,mixteco de Tlahuapa,871.0,871.0,1.0,1.0,99.54,40.64,3,Mediano
136,Oto-mangue,amuzgo,amuzgo bajo del este,897.0,885.0,6.0,3.0,52.49,28.59,3,Mediano
137,Yuto-nahua,cora,cora de Jesús María,898.0,893.0,2.0,1.0,59.93,33.59,3,Mediano
138,Oto-mangue,mixteco,mixteco de Tlalixtaquilla de Maldonado,1046.0,902.0,8.0,1.0,99.12,40.8,3,Mediano
139,Oto-mangue,zapoteco,zapoteco de Santiago Yaveo,1170.0,912.0,20.0,1.0,78.96,28.62,3,Mediano
140,Oto-mangue,mixteco,mixteco de Xochistlahuaca,1026.0,944.0,18.0,9.0,93.74,37.39,3,Mediano
141,Totonaco-tepehua,totonaco,totonaco del cerro Xinolatépetl,999.0,956.0,3.0,2.0,92.28,37.76,3,Mediano
142,Oto-mangue,mixteco,mixteco de Yutanduchi de Guerrero,963.0,963.0,2.0,2.0,87.23,27.83,3,Mediano
143,Oto-mangue,mixteco,mixteco de Sierra sur oeste,1442.0,977.0,24.0,9.0,71.26,44.01,3,Mediano
144,Oto-mangue,mixteco,mixteco de Santa María Yosoyúa,1005.0,996.0,6.0,5.0,96.7,39.96,3,Mediano
145,Oto-mangue,mixteco,mixteco de Zoyatlán de Juárez,1038.0,1038.0,1.0,1.0,99.71,39.79,3,Mediano
146,Oto-mangue,cuicateco,cuicateco del oriente,1641.0,1050.0,31.0,9.0,63.48,22.67,3,Mediano
147,Oto-mangue,chatino,chatino occidental bajo,2640.0,1067.0,79.0,5.0,39.49,20.81,3,Mediano
148,Oto-mangue,mixteco,mixteco de Xochapa,1183.0,1183.0,1.0,1.0,98.91,39.31,3,Mediano
149,Oto-mangue,zapoteco,"zapoteco de la montaña del Istmo, bajo",1757.0,1285.0,32.0,5.0,67.67,22.18,3,Mediano
150,Oto-mangue,cuicateco,cuicateco del norte,1503.0,1329.0,25.0,8.0,70.92,24.83,3,Mediano
151,Oto-mangue,mixteco,mixteco del noroeste central bajo,1393.0,1393.0,4.0,4.0,64.88,17.37,3,Mediano
152,Oto-mangue,mixteco,mixteco de San Juan Tamazola,1553.0,1453.0,54.0,33.0,51.23,18.58,3,Mediano
153,Oto-mangue,zapoteco,"zapoteco de Valles, del noreste",1579.0,1560.0,7.0,4.0,77.0,24.17,3,Mediano
154,Oto-mangue,mixteco,mixteco de Yosondúa,2235.0,1575.0,27.0,14.0,53.25,15.49,3,Mediano
155,Oto-mangue,zapoteco,"zapoteco serrano, del oeste medio",2060.0,2050.0,7.0,4.0,80.68,21.9,3,Mediano
156,Oto-mangue,zapoteco,"zapoteco de Valles, del oeste central",2067.0,2059.0,6.0,2.0,61.55,19.96,3,Mediano
157,Oto-mangue,mixteco,mixteco del este,3340.0,2478.0,93.0,66.0,66.9,19.69,3,Mediano
158,Huave,Huave,huave del este,2795.0,2544.0,14.0,3.0,59.07,18.55,3,Mediano
159,Oto-mangue,zapoteco,"zapoteco serrano, del sureste medio",2557.0,2555.0,12.0,11.0,90.25,21.14,3,Mediano
160,Yuto-nahua,náhuatl,mexicano de Temixco,5139.0,2595.0,30.0,1.0,98.07,34.45,3,Mediano
161,Oto-mangue,zapoteco,"zapoteco serrano, del sureste bajo",2673.0,2670.0,9.0,8.0,91.78,23.63,3,Mediano
162,Totonaco-tepehua,tepehua,tepehua del norte,2786.0,2715.0,24.0,4.0,70.26,24.01,3,Mediano
163,Totonaco-tepehua,totonaco,totonaco del río Necaxa,3273.0,3060.0,4.0,3.0,62.35,22.58,3,Mediano
164,Oto-mangue,zapoteco,zapoteco de San Vicente Coatlán,3075.0,3075.0,1.0,1.0,95.59,35.9,3,Mediano
165,Oto-mangue,mixteco,mixteco del este central,3414.0,3236.0,35.0,25.0,66.07,20.33,3,Mediano
166,Oto-mangue,zapoteco,"zapoteco serrano, del sureste",4509.0,4507.0,11.0,9.0,91.33,22.72,3,Mediano
167,Oto-mangue,mixteco,mixteco del sur bajo,5500.0,5075.0,44.0,34.0,60.73,16.02,3,Mediano
168,Yuto-nahua,yaqui,yaqui,11805.0,10044.0,174.0,38.0,53.19,23.6,3,Mediano
169,Oto-mangue,zapoteco,"zapoteco de Valles, del este medio",10508.0,10431.0,22.0,13.0,70.51,19.59,3,Mediano
170,Maya,chontal de Tabasco,chontal de Tabasco del este,13206.0,12342.0,71.0,17.0,72.14,22.05,3,Mediano
171,Maya,chontal de Tabasco,chontal de Tabasco central,14438.0,12772.0,80.0,20.0,76.63,24.69,3,Mediano
172,Oto-mangue,mazahua,mazahua de occidente,26592.0,21793.0,81.0,37.0,59.42,19.74,3,Mediano
173,Oto-mangue,zapoteco,"zapoteco de Valles, del norte central",25868.0,22928.0,58.0,27.0,77.95,20.57,3,Mediano
174,Yuto-nahua,náhuatl,"náhuatl de la Sierra negra, sur",32952.0,32181.0,25.0,14.0,71.09,17.84,3,Mediano
175,Totonaco-tepehua,totonaco,totonaco de la costa,58205.0,34594.0,801.0,159.0,58.11,21.14,3,Mediano
176,Oto-mangue,mazahua,mazahua de oriente,74006.0,48382.0,427.0,91.0,49.87,18.26,3,Mediano
177,Oto-mangue,otomí,otomí del Valle del Mezquital,88537.0,69998.0,1106.0,368.0,63.07,19.94,3,Mediano
178,Oto-mangue,zapoteco,zapoteco de la planicie costera,101593.0,85026.0,343.0,58.0,71.55,18.47,3,Mediano
179,Maya,maya,maya,734611.0,530951.0,4083.0,1157.0,63.95,19.42,3,Mediano
180,Oto-mangue,mazateco,mazateco de Acatepec,1038.0,1038.0,4.0,4.0,95.4,31.21,4,No inmediato
181,Oto-mangue,zapoteco,zapoteco de Santa María Quiegolani,1081.0,1077.0,4.0,3.0,97.91,35.47,4,No inmediato
182,Oto-mangue,mixteco,mixteco de Guerrero del norte central,1280.0,1098.0,9.0,4.0,99.46,39.44,4,No inmediato
183,Oto-mangue,mazateco,mazateco de Huehuetlán,1169.0,1169.0,5.0,5.0,93.3,28.4,4,No inmediato
184,Oto-mangue,mixteco,mixteco de San Antonio Sinicahua,1176.0,1176.0,10.0,10.0,99.32,34.61,4,No inmediato
185,Oto-mangue,zapoteco,zapoteco de la costa este,1590.0,1218.0,25.0,3.0,64.79,31.12,4,No inmediato
186,Oto-mangue,zapoteco,zapoteco de Santiago Laxopa,1231.0,1222.0,6.0,4.0,97.06,30.85,4,No inmediato
187,Maya,Chuj,Chuj,1771.0,1235.0,63.0,23.0,65.07,39.51,4,No inmediato
188,Oto-mangue,zapoteco,"zapoteco serrano, del este",1519.0,1284.0,5.0,4.0,98.39,28.19,4,No inmediato
189,Oto-mangue,chichimeco jonaz,chichimeco jonaz,1362.0,1287.0,39.0,2.0,42.45,31.55,4,No inmediato
190,Oto-mangue,mazateco,mazateco de Tecóatl,1300.0,1298.0,7.0,6.0,87.29,26.35,4,No inmediato
191,Oto-mangue,triqui,triqui de la baja,1412.0,1329.0,15.0,7.0,96.23,35.59,4,No inmediato
192,Oto-mangue,mixteco,mixteco central de Guerrero,1513.0,1465.0,18.0,2.0,99.39,40.89,4,No inmediato
193,Oto-mangue,mixteco,mixteco de Yosonotú,1510.0,1510.0,16.0,16.0,90.47,28.15,4,No inmediato
194,Oto-mangue,mixteco,mixteco de San Mateo Peñasco,1522.0,1522.0,5.0,5.0,94.83,34.03,4,No inmediato
195,Oto-mangue,zapoteco,"zapoteco serrano, del noroeste",1587.0,1583.0,4.0,3.0,85.11,28.74,4,No inmediato
196,Oto-mangue,zapoteco,"zapoteco serrano, del sureste alto",1597.0,1597.0,3.0,3.0,98.52,30.81,4,No inmediato
197,Oto-mangue,chinanteco,chinanteco del noroeste,1715.0,1670.0,10.0,5.0,94.89,34.31,4,No inmediato
198,Oto-mangue,chatino,chatino oriental alto,1796.0,1742.0,31.0,14.0,67.23,32.66,4,No inmediato
199,Yuto-nahua,tepehuano del sur,tepehuano del sur alto,2756.0,1759.0,212.0,60.0,73.81,33.48,4,No inmediato
200,Oto-mangue,chinanteco,chianateco del oeste central bajo,1853.0,1848.0,8.0,7.0,97.99,36.58,4,No inmediato
201,Mixe-zoque,zoque,zoque del sureste,2070.0,1884.0,26.0,13.0,92.22,39.6,4,No inmediato
202,Oto-mangue,mixteco,mixteco de San Pablo Tijaltepec,1926.0,1917.0,17.0,14.0,90.55,30.46,4,No inmediato
203,Yuto-nahua,huichol,huichol del sur,2130.0,1938.0,85.0,56.0,95.05,42.47,4,No inmediato
204,Oto-mangue,mixteco,mixteco de Igualapa,2154.0,1943.0,14.0,5.0,64.62,29.03,4,No inmediato
205,Oto-mangue,zapoteco,zapoteco del oeste de Tuxtepec,2675.0,1983.0,43.0,7.0,80.71,30.81,4,No inmediato
206,Yuto-nahua,náhuatl,mexicano central de occidente,2809.0,2056.0,131.0,29.0,71.81,35.94,4,No inmediato
207,Oto-mangue,mixteco,mixteco de Coatzóspam,2091.0,2091.0,8.0,8.0,95.18,30.08,4,No inmediato
208,Oto-mangue,triqui,triqui de la media,2102.0,2102.0,5.0,5.0,95.24,41.67,4,No inmediato
209,Oto-mangue,tlapaneco,tlapaneco del noroeste alto,2138.0,2138.0,5.0,5.0,99.03,34.33,4,No inmediato
210,Oto-mangue,mixteco,mixteco de San Antonio Huitepec,2395.0,2172.0,57.0,23.0,75.47,25.41,4,No inmediato
211,Oto-mangue,zapoteco,"zapoteco de la Sierra sur, oeste bajo",2282.0,2201.0,20.0,14.0,94.14,34.58,4,No inmediato
212,Oto-mangue,mixteco,mixteco de Santo Domingo Tonalá,2279.0,2224.0,11.0,5.0,91.52,33.63,4,No inmediato
213,Oto-mangue,zapoteco,zapoteco de San Miguel Aloápam,2246.0,2242.0,4.0,3.0,99.07,37.91,4,No inmediato
214,Oto-mangue,zapoteco,"zapoteco de la Sierra sur, del sureste alto",2259.0,2259.0,4.0,4.0,88.69,35.28,4,No inmediato
215,Oto-mangue,zapoteco,"zapoteco de la Sierra sur, del norte",2273.0,2266.0,17.0,11.0,93.21,32.39,4,No inmediato
216,Oto-mangue,zapoteco,"zapoteco de la Sierra sur, noroeste medio",2443.0,2356.0,9.0,6.0,92.0,29.8,4,No inmediato
217,Oto-mangue,mixteco,mixteco de Atlamajalcingo,2396.0,2359.0,10.0,6.0,94.89,38.07,4,No inmediato
218,Oto-mangue,mixteco,mixteco de Cañada bajo,2814.0,2474.0,35.0,13.0,84.06,27.08,4,No inmediato
219,Oto-mangue,zapoteco,"zapoteco de Valles, del centro bajo",2605.0,2605.0,3.0,3.0,97.06,33.17,4,No inmediato
220,Oto-mangue,triqui,triqui de la alta,2957.0,2632.0,32.0,18.0,95.95,32.83,4,No inmediato
221,Oto-mangue,mixteco,mixteco del noroeste central alto,2651.0,2651.0,4.0,4.0,95.95,41.95,4,No inmediato
222,Oto-mangue,mixteco,mixteco de Guerrero del norte,10377.0,2743.0,44.0,11.0,89.73,33.47,4,No inmediato
223,Maya,tsotsil,tsotsil del norte bajo,6921.0,2838.0,63.0,30.0,63.55,34.21,4,No inmediato
224,Oto-mangue,zapoteco,"zapoteco de Valles, del suroeste central",4438.0,2844.0,30.0,3.0,88.32,26.41,4,No inmediato
225,Totonaco-tepehua,tepehua,tepehua del oeste,2931.0,2855.0,28.0,13.0,88.14,33.52,4,No inmediato
226,Oto-mangue,mixteco,mixteco de Santa María Huazolotitlán,3052.0,2899.0,13.0,5.0,70.21,25.22,4,No inmediato
227,Oto-mangue,mixteco,mixteco del suroeste central,2900.0,2900.0,23.0,23.0,92.09,35.41,4,No inmediato
228,Oto-mangue,mixteco,mixteco del noroeste,3106.0,2916.0,33.0,17.0,98.45,40.47,4,No inmediato
229,Mixe-zoque,zoque,zoque del noroeste,3137.0,3022.0,38.0,24.0,83.8,37.13,4,No inmediato
230,Oto-mangue,zapoteco,zapoteco de Valles del sur,3209.0,3069.0,21.0,5.0,70.54,29.1,4,No inmediato
231,Oto-mangue,mixteco,mixteco del sur medio,3374.0,3129.0,53.0,36.0,86.99,30.97,4,No inmediato
232,Oto-mangue,chinanteco,chinanteco del sureste alto,3136.0,3132.0,6.0,5.0,65.77,29.89,4,No inmediato
233,Oto-mangue,mazateco,mazateco del sureste,3192.0,3182.0,11.0,9.0,96.95,32.72,4,No inmediato
234,Oto-mangue,popoloca,popoloca de oriente,3694.0,3200.0,10.0,2.0,90.32,32.13,4,No inmediato
235,Oto-mangue,tlapaneco,tlapaneco del este,3248.0,3224.0,19.0,14.0,95.61,35.61,4,No inmediato
236,Mixe-zoque,mixe,mixe medio del oeste,3301.0,3292.0,14.0,12.0,99.01,30.5,4,No inmediato
237,Yuto-nahua,tepehuano del norte,tepehuano del norte,4955.0,3304.0,317.0,110.0,75.94,37.41,4,No inmediato
238,Maya,tseltal,tseltal del sur,5853.0,3376.0,341.0,32.0,84.68,37.62,4,No inmediato
239,Oto-mangue,mazateco,mazateco de Eloxochitlán,3384.0,3384.0,25.0,25.0,95.08,32.06,4,No inmediato
240,Oto-mangue,amuzgo,amuzgo alto del este,3482.0,3429.0,8.0,6.0,79.61,36.83,4,No inmediato
241,Mixe-zoque,zoque,zoque del centro,6161.0,3496.0,212.0,19.0,72.49,31.18,4,No inmediato
242,Oto-mangue,mixteco,mixteco de Santa Lucía Monteverde,3816.0,3568.0,30.0,25.0,74.26,30.16,4,No inmediato
243,Oto-mangue,chinanteco,chinanteco del oeste,3586.0,3586.0,6.0,6.0,95.37,37.12,4,No inmediato
244,Yuto-nahua,cora,cora tereseño,3878.0,3603.0,137.0,74.0,92.03,33.53,4,No inmediato
245,Oto-mangue,mixteco,mixteco central,3765.0,3614.0,39.0,27.0,94.51,33.12,4,No inmediato
246,Oto-mangue,zapoteco,"zapoteco de Valles, de suroeste alto",3640.0,3635.0,5.0,3.0,87.3,26.0,4,No inmediato
247,Oto-mangue,zapoteco,"zapoteco de la Sierra sur, noroeste alto",3675.0,3648.0,13.0,9.0,98.09,37.83,4,No inmediato
248,Yuto-nahua,tarahumara,tarahumara del sur,5409.0,3818.0,386.0,107.0,69.56,33.55,4,No inmediato
249,Oto-mangue,zapoteco,"zapoteco de Valles, del suroeste medio",4283.0,4091.0,9.0,2.0,81.95,25.05,4,No inmediato
250,Oto-mangue,mixteco,mixteco bajo de Valles,6028.0,4331.0,103.0,59.0,93.42,35.88,4,No inmediato
251,Oto-mangue,mazateco,mazateco de Puebla,4658.0,4602.0,44.0,28.0,88.98,32.29,4,No inmediato
252,Oto-mangue,zapoteco,zapoteco de Texmelucan,4627.0,4627.0,28.0,28.0,98.38,35.08,4,No inmediato
253,Oto-mangue,mixteco,mixteco de Guerrero central alto,4630.0,4630.0,8.0,8.0,98.83,39.76,4,No inmediato
254,Oto-mangue,tlapaneco,tlapaneco del norte,4771.0,4646.0,23.0,20.0,90.0,35.15,4,No inmediato
255,Oto-mangue,zapoteco,"zapoteco de la Sierra sur, noreste",5060.0,5035.0,16.0,13.0,91.11,28.84,4,No inmediato
256,Yuto-nahua,tarahumara,tarahumara del oeste,9226.0,5101.0,1022.0,244.0,85.8,31.43,4,No inmediato
257,Oto-mangue,mixteco,mixteco del oeste de la costa,10259.0,5131.0,81.0,17.0,75.81,34.15,4,No inmediato
258,Oto-mangue,mixteco,mixteco del noreste,5433.0,5201.0,77.0,59.0,84.31,31.88,4,No inmediato
259,Oto-mangue,mixteco,mixteco de Oaxaca de la costa noroeste,5578.0,5305.0,14.0,5.0,90.99,36.17,4,No inmediato
260,Mixe-zoque,mixe,mixe alto del norte,5468.0,5444.0,20.0,15.0,93.75,32.46,4,No inmediato
261,Oto-mangue,mixteco,mixteco de Santa María Peñoles,5503.0,5503.0,30.0,30.0,95.14,36.09,4,No inmediato
262,Oto-mangue,mixteco,mixteco de Santiago Amoltepec,5627.0,5524.0,42.0,39.0,77.55,33.87,4,No inmediato
263,Oto-mangue,mixteco,mixteco de Tlacoachistlahuaca,6101.0,5628.0,39.0,25.0,95.55,37.14,4,No inmediato
264,Yuto-nahua,cora,cora meseño,5984.0,5731.0,149.0,107.0,92.87,37.06,4,No inmediato
265,Oto-mangue,mixteco,mixteco de Ñumi,5790.0,5790.0,23.0,23.0,96.92,37.51,4,No inmediato
266,Oto-mangue,mixteco,mixteco de Sierra sur noroeste,6172.0,5814.0,49.0,31.0,90.99,36.76,4,No inmediato
267,Yuto-nahua,huichol,huichol del este,6340.0,5816.0,245.0,171.0,98.98,42.04,4,No inmediato
268,Oto-mangue,mixteco,mixteco del norte bajo,6165.0,5909.0,52.0,18.0,85.82,31.63,4,No inmediato
269,Mixe-zoque,zoque,zoque del norte alto,7513.0,5961.0,93.0,32.0,78.05,33.23,4,No inmediato
270,Oto-mangue,mixteco,mixteco de Coapanatoyac,6442.0,6038.0,35.0,27.0,95.72,38.32,4,No inmediato
271,Oto-mangue,chinanteco,chinanteco de la Sierra,6298.0,6128.0,38.0,23.0,88.95,34.74,4,No inmediato
272,Oto-mangue,mixteco,mixteco de Oaxaca de la costa oeste central,6163.0,6140.0,20.0,16.0,90.11,33.21,4,No inmediato
273,Oto-mangue,tlapaneco,tlapaneco del centro,6191.0,6181.0,36.0,34.0,87.76,36.3,4,No inmediato
274,Oto-mangue,tlapaneco,tlapaneco del noroeste bajo,6271.0,6267.0,20.0,19.0,99.04,39.03,4,No inmediato
275,Oto-mangue,mixteco,mixteco de Ixtayutla,6375.0,6339.0,25.0,20.0,94.99,37.91,4,No inmediato
276,Oto-mangue,mixteco,mixteco de Oaxaca de costa central baja,6709.0,6398.0,32.0,9.0,53.4,28.12,4,No inmediato
277,Yuto-nahua,náhuatl,náhuatl del Istmo bajo,6800.0,6450.0,47.0,10.0,87.95,32.54,4,No inmediato
278,Yuto-nahua,tarahumara,tarahumara del norte,10032.0,6453.0,679.0,213.0,85.47,30.62,4,No inmediato
279,Oto-mangue,mazateco,mazateco del oeste,6639.0,6556.0,38.0,32.0,96.8,32.73,4,No inmediato
280,Yuto-nahua,huichol,huichol del norte,8743.0,6689.0,314.0,113.0,86.52,39.5,4,No inmediato
281,Oto-mangue,pame,pame del centro,7373.0,6720.0,147.0,67.0,80.03,31.96,4,No inmediato
282,Maya,Q’anjob’al,Q'anjob'al,8343.0,6979.0,134.0,38.0,56.23,38.23,4,No inmediato
283,Yuto-nahua,náhuatl,mexicano del oriente central,18909.0,7024.0,65.0,8.0,70.07,25.65,4,No inmediato
284,Oto-mangue,mixteco,mixteco del suroeste,7268.0,7080.0,59.0,55.0,93.87,31.65,4,No inmediato
285,Oto-mangue,triqui,triqui de San Juan Copala,7628.0,7255.0,48.0,36.0,96.37,41.71,4,No inmediato
286,Oto-mangue,chatino,chatino oriental bajo,8941.0,7355.0,76.0,31.0,96.36,34.33,4,No inmediato
287,Oto-mangue,chinanteco,chinanteco del oeste central alto,7411.0,7398.0,20.0,18.0,97.92,35.35,4,No inmediato
288,Yuto-nahua,náhuatl,náhuatl de Oaxaca,8130.0,7476.0,62.0,45.0,89.51,35.91,4,No inmediato
289,Oto-mangue,cuicateco,cuicateco del centro,8675.0,7509.0,67.0,28.0,79.18,25.3,4,No inmediato
290,Oto-mangue,zapoteco,zapoteco de la costa noreste,8482.0,7614.0,170.0,85.0,78.68,30.72,4,No inmediato
291,Oto-mangue,otomí,otomí del noroeste,12935.0,7709.0,382.0,32.0,75.89,32.03,4,No inmediato
292,Oto-mangue,otomí,otomí bajo del noroeste,8528.0,7738.0,44.0,15.0,91.43,37.05,4,No inmediato
293,Oto-mangue,mixteco,mixteco de Guerrero del noreste central,7761.0,7754.0,24.0,23.0,86.85,41.02,4,No inmediato
294,Oto-mangue,zapoteco,"zapoteco de la Sierra sur, central",9975.0,7936.0,64.0,32.0,85.36,30.15,4,No inmediato
295,Mixe-zoque,mixe,mixe alto del sur,8088.0,8070.0,44.0,41.0,99.35,35.89,4,No inmediato
296,Oto-mangue,chatino,chatino occidental alto,8491.0,8367.0,71.0,44.0,89.65,34.62,4,No inmediato
297,Oto-mangue,popoloca,popoloca del norte,8437.0,8396.0,16.0,12.0,84.97,36.08,4,No inmediato
298,Mixe-zoque,zoque,zoque del este,9003.0,8425.0,75.0,38.0,90.81,33.54,4,No inmediato
299,Oto-mangue,mazateco,mazateco de la presa bajo,8593.0,8574.0,24.0,21.0,92.63,35.75,4,No inmediato
300,Totonaco-tepehua,totonaco,totonaco central alto,8732.0,8731.0,10.0,9.0,98.68,33.02,4,No inmediato
301,Huave,Huave,huave del oeste,9371.0,9099.0,19.0,9.0,98.58,32.05,4,No inmediato
302,Oto-mangue,mixteco,mixteco de oeste central,9166.0,9141.0,80.0,76.0,96.67,33.88,4,No inmediato
303,Maya,tsotsil,tsotsil del este alto,9526.0,9142.0,32.0,27.0,90.7,33.52,4,No inmediato
304,Oto-mangue,zapoteco,"zapoteco de Sierra sur, del noreste alto",9692.0,9248.0,70.0,53.0,98.02,33.2,4,No inmediato
305,Oto-mangue,zapoteco,zapoteco de la costa oeste,9742.0,9264.0,69.0,44.0,77.28,37.06,4,No inmediato
306,Oto-mangue,mixteco,mixteco de Ayutla,11574.0,9744.0,79.0,37.0,94.23,35.05,4,No inmediato
307,Oto-mangue,mixteco,mixteco de San Luis Acatlán,10573.0,9858.0,51.0,27.0,93.73,35.84,4,No inmediato
308,Oto-mangue,zapoteco,"zapoteco de Valles, del este central",9942.0,9912.0,30.0,25.0,97.73,33.8,4,No inmediato
309,Totonaco-tepehua,totonaco,totonaco central del norte,15052.0,10197.0,352.0,50.0,69.39,28.86,4,No inmediato
310,Oto-mangue,chinanteco,chinanteco del sureste bajo,10670.0,10608.0,53.0,48.0,86.21,34.25,4,No inmediato
311,Oto-mangue,amuzgo,amuzgo del sur,12703.0,10671.0,160.0,33.0,82.24,35.63,4,No inmediato
312,Oto-mangue,chinanteco,chinanteco del sureste medio,11840.0,10865.0,85.0,42.0,87.02,36.93,4,No inmediato
313,Oto-mangue,mazateco,mazateco del suroeste,12033.0,11757.0,103.0,99.0,92.13,33.21,4,No inmediato
314,Yuto-nahua,tepehuano del sur,tepehuano del sur bajo,13003.0,11763.0,525.0,328.0,93.66,38.28,4,No inmediato
315,Maya,tsotsil,tsotsil de los Altos,12909.0,12562.0,74.0,61.0,87.11,35.38,4,No inmediato
316,Oto-mangue,mixteco,mixteco del oeste,14213.0,13827.0,83.0,54.0,95.15,37.81,4,No inmediato
317,Oto-mangue,zapoteco,"zapoteco serrano, del noroeste bajo",14780.0,14514.0,49.0,42.0,90.53,27.48,4,No inmediato
318,Oto-mangue,chatino,chatino central,16047.0,15433.0,82.0,39.0,96.28,37.81,4,No inmediato
319,Mixe-zoque,zoque,zoque del norte bajo,15952.0,15689.0,102.0,72.0,79.38,31.84,4,No inmediato
320,Mixe-zoque,mixe,mixe alto del centro,16810.0,16782.0,84.0,80.0,97.07,33.67,4,No inmediato
321,Yuto-nahua,náhuatl,náhuatl de la Sierra oeste de Puebla,19482.0,17154.0,148.0,51.0,88.4,33.74,4,No inmediato
322,Oto-mangue,mixteco,mixteco del oeste alto,20941.0,17313.0,140.0,59.0,77.96,27.55,4,No inmediato
323,Oto-mangue,mazateco,mazateco del este bajo,17520.0,17406.0,44.0,33.0,90.94,32.99,4,No inmediato
324,Oto-mangue,chinanteco,chinanteco central,21144.0,17995.0,145.0,88.0,85.28,33.57,4,No inmediato
325,Oto-mangue,mixteco,mixteco de Oaxaca de la costa central,20058.0,19694.0,72.0,38.0,78.18,33.99,4,No inmediato
326,Oto-mangue,amuzgo,amuzgo del norte,19903.0,19789.0,115.0,84.0,91.45,32.61,4,No inmediato
327,Oto-mangue,mazateco,mazateco del norte,20243.0,20006.0,129.0,102.0,94.03,32.46,4,No inmediato
328,Oto-mangue,mazateco,mazateco de la presa alto,20502.0,20493.0,145.0,144.0,97.86,34.52,4,No inmediato
329,Oto-mangue,mixteco,mixteco de Guerrero del este medio,21873.0,21838.0,151.0,145.0,99.28,37.02,4,No inmediato
330,Mixe-zoque,mixe,mixe medio del este,22489.0,22135.0,110.0,70.0,96.33,31.57,4,No inmediato
331,Oto-mangue,tlapaneco,tlapaneco del suroeste,23772.0,23613.0,111.0,100.0,97.95,39.7,4,No inmediato
332,Yuto-nahua,tarahumara,tarahumara del centro,29717.0,23749.0,1547.0,733.0,86.14,33.32,4,No inmediato
333,Yuto-nahua,náhuatl,náhuatl del Istmo,26636.0,24378.0,165.0,44.0,70.17,27.44,4,No inmediato
334,Maya,ch'ol,ch'ol del sureste,27199.0,24590.0,316.0,101.0,92.31,34.1,4,No inmediato
335,Mixe-zoque,popoluca de la Sierra,popoluca de la Sierra,26017.0,24900.0,85.0,60.0,85.19,34.34,4,No inmediato
336,Oto-mangue,mazateco,mazateco del noreste,27514.0,26428.0,108.0,53.0,77.75,31.17,4,No inmediato
337,Maya,tsotsil,tsotsil del este bajo,29404.0,27981.0,111.0,65.0,96.94,35.53,4,No inmediato
338,Oto-mangue,zapoteco,zapoteco de la costa central,32704.0,28769.0,411.0,166.0,83.23,33.67,4,No inmediato
339,Maya,tojolabal,tojolabal,34315.0,28785.0,322.0,128.0,91.38,34.76,4,No inmediato
340,Oto-mangue,tlapaneco,tlapaneco central bajo,29671.0,28878.0,146.0,117.0,92.74,37.82,4,No inmediato
341,Mixe-zoque,mixe,mixe bajo,35043.0,31182.0,157.0,74.0,88.27,31.11,4,No inmediato
342,Oto-mangue,mazateco,mazateco del centro,33813.0,33797.0,123.0,121.0,94.5,30.41,4,No inmediato
343,Oto-mangue,chinanteco,chinanteco del norte,37900.0,36204.0,169.0,121.0,73.58,28.73,4,No inmediato
344,Oto-mangue,otomí,otomí de la Sierra,43460.0,38328.0,694.0,136.0,79.85,31.24,4,No inmediato
345,Maya,huasteco,huasteco del centro,41888.0,38677.0,343.0,175.0,87.72,31.89,4,No inmediato
346,Maya,tsotsil,tsotsil del noroeste,41289.0,41201.0,182.0,179.0,93.99,37.14,4,No inmediato
347,Yuto-nahua,náhuatl,náhuatl del centro de Puebla,72534.0,41386.0,371.0,78.0,72.98,26.54,4,No inmediato
348,Maya,tsotsil,tsotsil del centro,57107.0,56670.0,170.0,149.0,97.01,35.55,4,No inmediato
349,Yuto-nahua,náhuatl,náhuatl del noroeste central,71040.0,58486.0,398.0,125.0,81.31,30.83,4,No inmediato
350,Maya,tseltal,tseltal del oriente,70313.0,65279.0,731.0,346.0,77.92,36.54,4,No inmediato
351,Maya,tsotsil,tsotsil del norte alto,77699.0,70961.0,665.0,369.0,83.41,36.53,4,No inmediato
352,Maya,huasteco,huasteco del occidente,84092.0,74219.0,952.0,354.0,87.85,33.44,4,No inmediato
353,Maya,tseltal,tseltal del norte,84198.0,76567.0,1011.0,588.0,91.46,36.86,4,No inmediato
354,Tarasca,Tarasca,purépecha,102988.0,87280.0,354.0,75.0,84.44,29.93,4,No inmediato
355,Yuto-nahua,náhuatl,"náhuatl de la Sierra negra, norte",109215.0,90538.0,449.0,304.0,92.07,33.69,4,No inmediato
356,Maya,tseltal,tseltal del occidente,112753.0,95965.0,612.0,294.0,95.92,36.11,4,No inmediato
357,Maya,ch'ol,ch'ol del noroeste,117379.0,107204.0,925.0,477.0,88.33,34.88,4,No inmediato
358,Yuto-nahua,náhuatl,náhuatl central de Veracruz,118427.0,109244.0,685.0,460.0,84.04,29.99,4,No inmediato
359,Yuto-nahua,náhuatl,mexicano de Guerrero,124762.0,110766.0,871.0,363.0,87.57,34.04,4,No inmediato
360,Totonaco-tepehua,totonaco,totonaco central del sur,114913.0,112854.0,338.0,230.0,87.75,29.62,4,No inmediato
361,Yuto-nahua,náhuatl,"náhuatl de la Sierra, noreste de Puebla",134737.0,115852.0,916.0,407.0,73.27,28.12,4,No inmediato
362,Yuto-nahua,náhuatl,náhuatl de la Huasteca potosina,133234.0,117775.0,1340.0,592.0,81.92,30.72,4,No inmediato
363,Yuto-nahua,náhuatl,náhuatl de la Huasteca veracruzana,135841.0,118123.0,1514.0,634.0,78.46,28.98,4,No inmediato
364,Yuto-nahua,náhuatl,mexicano de la Huasteca hidalguense,195770.0,180407.0,863.0,559.0,86.6,31.31,4,No inmediato
