anio,nivel,cve,edad,num,den,casos,ee
2010,alcaldia,002,15-29,538.0,93464.0,2770,
2010,alcaldia,002,3-14,,64110.0,1893,
2010,alcaldia,002,30-59,1571.0,171409.0,4951,
2010,alcaldia,002,60+,716.0,61191.0,1789,
2010,alcaldia,003,15-29,2995.0,142300.0,4779,
2010,alcaldia,003,3-14,328.0,92023.0,3061,
2010,alcaldia,003,30-59,4212.0,259393.0,8251,
2010,alcaldia,003,60+,1761.0,101958.0,3075,
2010,alcaldia,004,15-29,1838.0,46831.0,3195,0.00141
2010,alcaldia,004,3-14,24.0,38467.0,2614,
2010,alcaldia,004,30-59,1258.0,74334.0,4755,0.000732
2010,alcaldia,004,60+,257.0,16373.0,985,0.000512
2010,alcaldia,005,15-29,4732.0,285124.0,9425,
2010,alcaldia,005,3-14,918.0,207577.0,6843,
2010,alcaldia,005,30-59,8663.0,467824.0,15531,
2010,alcaldia,005,60+,2682.0,155886.0,5263,
2010,alcaldia,006,15-29,1592.0,93796.0,3803,
2010,alcaldia,006,3-14,27.0,63499.0,2711,
2010,alcaldia,006,30-59,1765.0,157263.0,6231,
2010,alcaldia,006,60+,738.0,52007.0,2020,
2010,alcaldia,007,15-29,11306.0,477645.0,16356,
2010,alcaldia,007,3-14,1881.0,355211.0,12680,
2010,alcaldia,007,30-59,19556.0,699322.0,23591,
2010,alcaldia,007,60+,6191.0,172523.0,5715,
2010,alcaldia,008,15-29,1208.0,58807.0,1938,
2010,alcaldia,008,3-14,114.0,47502.0,1483,
2010,alcaldia,008,30-59,1627.0,96373.0,3060,0.000139
2010,alcaldia,008,60+,477.0,25059.0,819,
2010,alcaldia,009,15-29,380.0,35736.0,1488,0.00161
2010,alcaldia,009,3-14,22.0,29014.0,1203,
2010,alcaldia,009,30-59,3008.0,47548.0,1974,0.0088
2010,alcaldia,009,60+,1254.0,9822.0,416,0.01579
2010,alcaldia,010,15-29,3263.0,185676.0,7170,
2010,alcaldia,010,3-14,217.0,126417.0,5017,
2010,alcaldia,010,30-59,4478.0,286773.0,11358,
2010,alcaldia,010,60+,1130.0,86908.0,3242,
2010,alcaldia,011,15-29,905.0,94652.0,4169,0.000905
2010,alcaldia,011,3-14,125.0,81891.0,3543,
2010,alcaldia,011,30-59,2203.0,141112.0,5913,0.00022
2010,alcaldia,011,60+,513.0,24588.0,1109,
2010,alcaldia,012,15-29,3750.0,164574.0,7819,0.000925
2010,alcaldia,012,3-14,138.0,117531.0,5643,
2010,alcaldia,012,30-59,7378.0,261086.0,12132,0.001675
2010,alcaldia,012,60+,2375.0,72763.0,3240,0.000432
2010,alcaldia,013,15-29,2035.0,111427.0,6373,0.000146
2010,alcaldia,013,3-14,365.0,81421.0,4893,2.6e-05
2010,alcaldia,013,30-59,4817.0,157630.0,8731,0.000627
2010,alcaldia,013,60+,922.0,38009.0,1955,0.000355
2010,alcaldia,014,15-29,1197.0,85098.0,3310,
2010,alcaldia,014,3-14,264.0,41557.0,1712,
2010,alcaldia,014,30-59,2562.0,173240.0,6812,
2010,alcaldia,014,60+,827.0,69275.0,2561,
2010,alcaldia,015,15-29,1898.0,130636.0,7448,
2010,alcaldia,015,3-14,124.0,75176.0,4360,
2010,alcaldia,015,30-59,6339.0,221157.0,12571,
2010,alcaldia,015,60+,2321.0,78267.0,4160,
2010,alcaldia,016,15-29,1361.0,86491.0,3737,
2010,alcaldia,016,3-14,125.0,51872.0,2459,
2010,alcaldia,016,30-59,2418.0,160917.0,7074,
2010,alcaldia,016,60+,829.0,56305.0,2408,
2010,alcaldia,017,15-29,1549.0,102022.0,5189,
2010,alcaldia,017,3-14,191.0,72055.0,3814,
2010,alcaldia,017,30-59,3121.0,173027.0,8502,
2010,alcaldia,017,60+,881.0,64689.0,2740,
2010,entidad,09,15-29,40547.0,2194279.0,88969,9.1e-05
2010,entidad,09,3-14,4863.0,1545323.0,63929,1e-06
2010,entidad,09,30-59,74976.0,3548408.0,141437,0.000196
2010,entidad,09,60+,23874.0,1085623.0,41497,0.000156
2015,alcaldia,002,15-29,778.0,88242.0,4474,0.001205
2015,alcaldia,002,3-14,22.0,58457.0,2894,
2015,alcaldia,002,30-59,1595.0,170848.0,8399,0.001028
2015,alcaldia,002,60+,1337.0,68063.0,3004,0.005068
2015,alcaldia,003,15-29,2350.0,135165.0,8458,0.002384
2015,alcaldia,003,3-14,360.0,79654.0,5009,0.000984
2015,alcaldia,003,30-59,3611.0,256511.0,15859,0.000952
2015,alcaldia,003,60+,1715.0,107635.0,6534,0.001364
2015,alcaldia,004,15-29,737.0,52860.0,5023,0.002372
2015,alcaldia,004,3-14,71.0,35869.0,3493,0.000543
2015,alcaldia,004,30-59,1154.0,82397.0,7596,0.002337
2015,alcaldia,004,60+,339.0,18795.0,1660,0.003547
2015,alcaldia,005,15-29,4478.0,274171.0,15358,0.001726
2015,alcaldia,005,3-14,662.0,189915.0,10876,0.000501
2015,alcaldia,005,30-59,7811.0,471637.0,25948,0.001196
2015,alcaldia,005,60+,2871.0,182833.0,9432,0.001163
2015,alcaldia,006,15-29,1230.0,88361.0,4527,0.001992
2015,alcaldia,006,3-14,214.0,61445.0,3151,0.000969
2015,alcaldia,006,30-59,1719.0,168009.0,8500,0.001308
2015,alcaldia,006,60+,419.0,57975.0,2914,0.001013
2015,alcaldia,007,15-29,6833.0,453090.0,26159,0.00129
2015,alcaldia,007,3-14,1351.0,337296.0,19624,0.000734
2015,alcaldia,007,30-59,16940.0,735287.0,41627,0.001395
2015,alcaldia,007,60+,6206.0,220868.0,12008,0.002068
2015,alcaldia,008,15-29,867.0,58090.0,4277,0.002812
2015,alcaldia,008,3-14,137.0,44082.0,3226,0.000737
2015,alcaldia,008,30-59,1944.0,98605.0,7370,0.001916
2015,alcaldia,008,60+,321.0,30529.0,2330,0.001762
2015,alcaldia,009,15-29,795.0,36450.0,5131,0.00376
2015,alcaldia,009,3-14,230.0,29730.0,4157,0.000887
2015,alcaldia,009,30-59,2885.0,52547.0,7246,0.00557
2015,alcaldia,009,60+,1448.0,11986.0,1580,0.016262
2015,alcaldia,010,15-29,2120.0,177072.0,10519,0.001299
2015,alcaldia,010,3-14,201.0,124549.0,7250,0.00025
2015,alcaldia,010,30-59,4470.0,314162.0,18196,0.001366
2015,alcaldia,010,60+,1455.0,102652.0,5866,0.001892
2015,alcaldia,011,15-29,770.0,94151.0,5567,0.001275
2015,alcaldia,011,3-14,70.0,68565.0,4181,8.8e-05
2015,alcaldia,011,30-59,2941.0,147708.0,8349,0.002532
2015,alcaldia,011,60+,1034.0,36020.0,1855,0.003331
2015,alcaldia,012,15-29,2802.0,161186.0,13163,0.001751
2015,alcaldia,012,3-14,373.0,117799.0,9517,0.001022
2015,alcaldia,012,30-59,6984.0,281250.0,22129,0.001803
2015,alcaldia,012,60+,2154.0,89469.0,6637,0.001486
2015,alcaldia,013,15-29,2442.0,102794.0,9184,0.004041
2015,alcaldia,013,3-14,558.0,80799.0,7088,0.001233
2015,alcaldia,013,30-59,5622.0,165607.0,13598,0.003982
2015,alcaldia,013,60+,958.0,47336.0,3314,0.002439
2015,alcaldia,014,15-29,1033.0,83900.0,4317,0.001849
2015,alcaldia,014,3-14,204.0,43531.0,2242,0.001775
2015,alcaldia,014,30-59,2679.0,198189.0,10507,0.001331
2015,alcaldia,014,60+,1054.0,80220.0,3879,0.001448
2015,alcaldia,015,15-29,1921.0,125768.0,7714,0.002124
2015,alcaldia,015,3-14,394.0,69475.0,4222,0.001452
2015,alcaldia,015,30-59,3440.0,235744.0,14633,0.001432
2015,alcaldia,015,60+,1373.0,83623.0,5299,0.003182
2015,alcaldia,016,15-29,750.0,77528.0,4463,0.001245
2015,alcaldia,016,3-14,128.0,46863.0,2643,0.000347
2015,alcaldia,016,30-59,1641.0,165043.0,9376,0.001049
2015,alcaldia,016,60+,777.0,61859.0,3205,0.001526
2015,alcaldia,017,15-29,1842.0,93574.0,5187,0.004102
2015,alcaldia,017,3-14,454.0,64925.0,3648,0.001754
2015,alcaldia,017,30-59,2499.0,181143.0,9719,0.00137
2015,alcaldia,017,60+,724.0,71069.0,3519,0.00101
2015,entidad,09,15-29,31748.0,2102402.0,133521,0.000549
2015,entidad,09,3-14,5429.0,1452954.0,93221,0.000256
2015,entidad,09,30-59,67935.0,3724687.0,229052,0.000464
2015,entidad,09,60+,24185.0,1270932.0,73036,0.000615
2020,alcaldia,002,15-29,750.0,92111.0,3717,0.001183
2020,alcaldia,002,3-14,50.0,61563.0,2490,9e-06
2020,alcaldia,002,30-59,1600.0,185392.0,7470,0.000907
2020,alcaldia,002,60+,980.0,80872.0,3293,0.000987
2020,alcaldia,003,15-29,1488.0,134525.0,3831,0.001525
2020,alcaldia,003,3-14,240.0,78003.0,2205,0.000784
2020,alcaldia,003,30-59,3544.0,257030.0,7317,0.001795
2020,alcaldia,003,60+,1310.0,126066.0,3643,0.00244
2020,alcaldia,004,15-29,658.0,51440.0,2929,0.002388
2020,alcaldia,004,3-14,70.0,33789.0,2067,0.000445
2020,alcaldia,004,30-59,1350.0,92490.0,4812,0.00191
2020,alcaldia,004,60+,573.0,32529.0,1402,0.004482
2020,alcaldia,005,15-29,2539.0,261483.0,4405,0.001049
2020,alcaldia,005,3-14,969.0,174201.0,2935,0.001188
2020,alcaldia,005,30-59,7304.0,478963.0,8063,0.001702
2020,alcaldia,005,60+,3894.0,214827.0,3612,0.001786
2020,alcaldia,006,15-29,2135.0,90886.0,4293,0.007097
2020,alcaldia,006,3-14,805.0,57606.0,2710,0.008643
2020,alcaldia,006,30-59,3455.0,172535.0,8103,0.005128
2020,alcaldia,006,60+,1453.0,69798.0,3322,0.004097
2020,alcaldia,007,15-29,4518.0,445867.0,5467,0.001378
2020,alcaldia,007,3-14,799.0,310161.0,3809,0.000327
2020,alcaldia,007,30-59,15689.0,739809.0,9067,0.001987
2020,alcaldia,007,60+,7911.0,266544.0,3260,0.002567
2020,alcaldia,008,15-29,436.0,57455.0,4517,0.001822
2020,alcaldia,008,3-14,44.0,39496.0,3134,7.8e-05
2020,alcaldia,008,30-59,1411.0,102039.0,7972,0.001352
2020,alcaldia,008,60+,703.0,40197.0,3048,0.00151
2020,alcaldia,009,15-29,468.0,39838.0,2440,0.001161
2020,alcaldia,009,3-14,65.0,29478.0,1843,0.000374
2020,alcaldia,009,30-59,2165.0,60148.0,3699,0.004488
2020,alcaldia,009,60+,1544.0,16608.0,1021,0.008063
2020,alcaldia,010,15-29,3104.0,176946.0,4435,0.003726
2020,alcaldia,010,3-14,191.0,112871.0,2854,0.000333
2020,alcaldia,010,30-59,5803.0,320019.0,7964,0.002288
2020,alcaldia,010,60+,1743.0,123944.0,3094,0.001425
2020,alcaldia,011,15-29,1228.0,99556.0,5961,0.002235
2020,alcaldia,011,3-14,263.0,70935.0,4298,0.001491
2020,alcaldia,011,30-59,4063.0,160636.0,9489,0.002971
2020,alcaldia,011,60+,2038.0,47568.0,2741,0.004059
2020,alcaldia,012,15-29,1891.0,161474.0,5761,0.000966
2020,alcaldia,012,3-14,243.0,116341.0,4316,0.000385
2020,alcaldia,012,30-59,7166.0,292926.0,9815,0.002274
2020,alcaldia,012,60+,2263.0,101741.0,3026,0.002018
2020,alcaldia,013,15-29,1912.0,104821.0,3638,0.003095
2020,alcaldia,013,3-14,400.0,77794.0,2714,0.001124
2020,alcaldia,013,30-59,5703.0,180434.0,6135,0.004292
2020,alcaldia,013,60+,2161.0,61456.0,2055,0.004365
2020,alcaldia,014,15-29,620.0,83714.0,2617,0.00065
2020,alcaldia,014,3-14,31.0,41750.0,1300,
2020,alcaldia,014,30-59,3038.0,210179.0,6542,0.001512
2020,alcaldia,014,60+,1543.0,86570.0,2694,0.001588
2020,alcaldia,015,15-29,3827.0,117496.0,2874,0.014163
2020,alcaldia,015,3-14,736.0,70835.0,1727,0.004202
2020,alcaldia,015,30-59,7079.0,249514.0,6072,0.009793
2020,alcaldia,015,60+,2576.0,89109.0,2165,0.004764
2020,alcaldia,016,15-29,1589.0,81142.0,3006,0.004681
2020,alcaldia,016,3-14,189.0,50144.0,1844,0.001866
2020,alcaldia,016,30-59,2953.0,189330.0,6899,0.004798
2020,alcaldia,016,60+,967.0,79287.0,2908,0.002543
2020,alcaldia,017,15-29,1552.0,97975.0,3769,0.002176
2020,alcaldia,017,3-14,402.0,68352.0,2624,0.00189
2020,alcaldia,017,30-59,2911.0,185926.0,7147,0.001881
2020,alcaldia,017,60+,1096.0,77935.0,2995,0.001498
2020,entidad,09,15-29,28715.0,2096729.0,63660,0.001015
2020,entidad,09,3-14,5497.0,1393319.0,42870,0.000488
2020,entidad,09,30-59,75234.0,3877370.0,116566,0.00091
2020,entidad,09,60+,32755.0,1515051.0,44279,0.000749
2025,alcaldia,002,15-29,407.0,82502.0,5940,0.001059
2025,alcaldia,002,3-14,14.0,43443.0,3128,
2025,alcaldia,002,30-59,1643.0,182033.0,13095,0.000986
2025,alcaldia,002,60+,687.0,97705.0,7035,0.000699
2025,alcaldia,003,15-29,1943.0,122057.0,5867,0.001895
2025,alcaldia,003,3-14,549.0,57347.0,2711,0.00225
2025,alcaldia,003,30-59,5808.0,256486.0,12247,0.00337
2025,alcaldia,003,60+,2393.0,137145.0,6666,0.002123
2025,alcaldia,004,15-29,274.0,55633.0,5797,0.000781
2025,alcaldia,004,3-14,20.0,33461.0,3843,2e-06
2025,alcaldia,004,30-59,798.0,97075.0,10301,0.001819
2025,alcaldia,004,60+,222.0,30430.0,3217,0.000735
2025,alcaldia,005,15-29,3295.0,269352.0,7523,0.0028
2025,alcaldia,005,3-14,893.0,145763.0,4073,0.001578
2025,alcaldia,005,30-59,8343.0,505386.0,14119,0.002765
2025,alcaldia,005,60+,4242.0,248314.0,6943,0.001614
2025,alcaldia,006,15-29,605.0,80330.0,6717,0.001267
2025,alcaldia,006,3-14,260.0,43268.0,3626,0.000851
2025,alcaldia,006,30-59,1665.0,172325.0,14368,0.001252
2025,alcaldia,006,60+,936.0,84992.0,7229,0.001014
2025,alcaldia,007,15-29,5827.0,428803.0,8091,0.001553
2025,alcaldia,007,3-14,793.0,260114.0,4911,0.000502
2025,alcaldia,007,30-59,13025.0,801683.0,15126,0.00154
2025,alcaldia,007,60+,8231.0,339330.0,6398,0.002377
2025,alcaldia,008,15-29,355.0,54247.0,4758,0.001156
2025,alcaldia,008,3-14,89.0,31287.0,2760,0.000387
2025,alcaldia,008,30-59,1722.0,105296.0,9180,0.001743
2025,alcaldia,008,60+,689.0,46959.0,4053,0.001535
2025,alcaldia,009,15-29,379.0,37521.0,5899,0.001281
2025,alcaldia,009,3-14,159.0,25891.0,4060,0.000611
2025,alcaldia,009,30-59,2615.0,63852.0,10055,0.003222
2025,alcaldia,009,60+,1735.0,22009.0,3492,0.005874
2025,alcaldia,010,15-29,1163.0,152367.0,4580,0.001446
2025,alcaldia,010,3-14,30.0,85630.0,2546,
2025,alcaldia,010,30-59,3157.0,309195.0,9318,0.000978
2025,alcaldia,010,60+,2342.0,145390.0,4354,0.001791
2025,alcaldia,011,15-29,665.0,97816.0,7600,0.001202
2025,alcaldia,011,3-14,99.0,63293.0,4899,5e-06
2025,alcaldia,011,30-59,3114.0,176568.0,13252,0.001704
2025,alcaldia,011,60+,1335.0,65173.0,4821,0.001408
2025,alcaldia,012,15-29,1404.0,151242.0,7270,0.000577
2025,alcaldia,012,3-14,251.0,89311.0,4876,0.000183
2025,alcaldia,012,30-59,5761.0,306706.0,13406,0.00148
2025,alcaldia,012,60+,3118.0,137345.0,4685,0.002679
2025,alcaldia,013,15-29,1316.0,102829.0,6519,0.001601
2025,alcaldia,013,3-14,380.0,59098.0,4059,0.000824
2025,alcaldia,013,30-59,6669.0,195160.0,11765,0.003765
2025,alcaldia,013,60+,2300.0,77738.0,4051,0.0057
2025,alcaldia,014,15-29,358.0,67534.0,3620,0.000704
2025,alcaldia,014,3-14,71.0,28868.0,1550,0.000642
2025,alcaldia,014,30-59,2041.0,209402.0,11259,0.000793
2025,alcaldia,014,60+,819.0,98018.0,5354,0.00073
2025,alcaldia,015,15-29,1904.0,103320.0,4880,0.007565
2025,alcaldia,015,3-14,380.0,46228.0,2189,0.0042
2025,alcaldia,015,30-59,4970.0,245549.0,11592,0.006054
2025,alcaldia,015,60+,2095.0,99742.0,4744,0.002451
2025,alcaldia,016,15-29,949.0,90506.0,5595,0.001976
2025,alcaldia,016,3-14,125.0,45531.0,2821,5.8e-05
2025,alcaldia,016,30-59,2395.0,212258.0,12683,0.000717
2025,alcaldia,016,60+,907.0,87066.0,4970,0.000893
2025,alcaldia,017,15-29,1021.0,92247.0,6231,0.001717
2025,alcaldia,017,3-14,133.0,53127.0,3580,0.000373
2025,alcaldia,017,30-59,2778.0,193016.0,13131,0.001481
2025,alcaldia,017,60+,1124.0,96372.0,6587,0.001248
2025,entidad,09,15-29,21865.0,1988306.0,96887,0.000692
2025,entidad,09,3-14,4246.0,1111660.0,55632,0.000322
2025,entidad,09,30-59,66504.0,4031990.0,194897,0.000693
2025,entidad,09,60+,33175.0,1813728.0,84599,0.000659
