anio,poblacion,num,den,universo,tabla,url,nota,pct,cota,ee
2000,autoads,5259022,85931732,pob 5+ (muestra),Cuestionario ampliado Lengua indígena 3,https://www.inegi.org.mx/contenidos/programas/ccpv/2000/tabulados/ampliado/C2KLI03.xls,Conteo derivado del %,6.12,muestra,
2010,autoads,15703474,105661364,pob 3+ (muestra),05_01A,https://www.inegi.org.mx/contenidos/programas/ccpv/2010/tabulados/Ampliado/05_01A_ESTATAL.xls,Conteo derivado del %,14.8621,muestra,
2015,autoads,25694928,119530753,población total,hoja 06 Etnicidad 6,https://www.inegi.org.mx/contenidos/programas/intercensal/2015/tabulados/05_etnicidad.xls,Además 'se considera en parte' 1.592894 % = 1903998,21.4965,muestra,
2020,autoads,23229089,119692898,pob 3+ (muestra),hoja 02 Etnicidad 2 (ampliado),https://www.inegi.org.mx/contenidos/programas/ccpv/2020/tabulados/ampliado/cpv2020_a_eum_05_etnicidad.xlsx,Conteo derivado del %,19.4072,muestra,
2025,autoads,24227973,130393389,población total en viv. particulares,hoja 02 Etnicidad 2,https://www.inegi.org.mx/contenidos/programas/eic/2025/tabulados/eic2025_etnicidad.xlsx,"Comunicado 54/26: 24.2 millones, 18.6 %",18.5807,muestra,
2010,hablantes3,6913362,104781265,pob 3+,05_01B,https://www.inegi.org.mx/contenidos/programas/ccpv/2010/tabulados/Basico/05_01B_ESTATAL.xls,,6.5979,censo,
2015,hablantes3,7382785,113294340,pob 3+,hoja 01 Etnicidad 1,https://www.inegi.org.mx/contenidos/programas/intercensal/2015/tabulados/05_etnicidad.xls,Conteo derivado = 113294340 x 6.516464 %,6.5165,muestra,
2020,hablantes3,7364645,119976584,pob 3+,hoja 02 Etnicidad 2,https://www.inegi.org.mx/contenidos/programas/ccpv/2020/tabulados/cpv2020_b_eum_05_etnicidad.xlsx,,6.1384,censo,
2025,hablantes3,7421285,126122746,pob 3+ en viv. particulares,hoja 04 Etnicidad 4 (absoluto) y hoja 08 Etnicidad 8 (%),https://www.inegi.org.mx/contenidos/programas/eic/2025/tabulados/eic2025_etnicidad.xlsx,Comunicado 54/26 confirma 7421285 y 5.9 %,5.8842,muestra,
1990,hablantes5,5282347,70562202,pob 5+,"La Población Indígena en México (INEGI 2004), cuadro 'Población de 5 y más años y total de hablantes de lengua indígena 1990-2000'",https://www.inegi.org.mx/contenidos/productos/prod_serv/contenidos/espanol/bvinegi/productos/historicos/2104/702825497583/702825497583_2.pdf,Incluye 208161 sin especificar habla española; ITER 1990 solo suma HABLA_ESP+N_HAB_ESP=5074186,7.4861,censo,
1995,hablantes5,5483555,80219337,pob 5+,idem,https://www.inegi.org.mx/contenidos/productos/prod_serv/contenidos/espanol/bvinegi/productos/historicos/2104/702825497583/702825497583_2.pdf,ITER 1995 (enumeración) da 5162599 / 79794598; cifra oficial publicada es la del tabulado,6.8357,censo,
2000,hablantes5,6044547,84794454,pob 5+,CPyV2000_Nal_LI1,https://www.inegi.org.mx/contenidos/programas/ccpv/2000/tabulados/CPyV2000_NAL_Lengua_indigena.xlsx,La publicación 2004 imprime 84794459 (5 personas de diferencia),7.1285,censo,
2005,hablantes5,6011202,90266425,pob 5+,Cont2005_Nal_LI1,https://www.inegi.org.mx/contenidos/programas/ccpv/2005/tabulados/Cont2005_NAL_Lengua_indigena.xls,,6.6594,censo,
2010,hablantes5,6695228,100410810,pob 5+,05_04B (5+ por entidad y lengua),https://www.inegi.org.mx/contenidos/programas/ccpv/2010/tabulados/Basico/05_04B_ESTATAL.xls,Denominador no está en el tabulado; sale de ITER nacional 2010,6.6678,censo,
2015,hablantes5,7173534,108917845,pob 5+,"Microdatos de la Encuesta Intercensal 2015, 32 entidades (cálculo propio)",https://www.inegi.org.mx/programas/intercensal/2015/#microdatos,Cálculo propio con microdatos; el mismo cálculo desde 3 años reproduce la cifra publicada (7 382 785),6.5862,muestra,0.000327
2020,hablantes5,7177185,115693273,pob 5+,hoja 02 Etnicidad 2 (3+ por grupos quinquenales),https://www.inegi.org.mx/contenidos/programas/ccpv/2020/tabulados/cpv2020_b_eum_05_etnicidad.xlsx,No hay tabulado 5+ en 2020; derivado por resta,6.2036,censo,
2025,hablantes5,7252488,122805227,pob 5+,Microdatos de la Encuesta Intercensal 2025 (cálculo propio),https://www.inegi.org.mx/programas/eic/2025/#microdatos,Cálculo propio con microdatos; el mismo cálculo desde 3 años reproduce la cifra publicada (7 421 285),5.9057,muestra,0.000341
2010,hogares,10788615,112336538,población total,"ITER 2010 nacional, campo PHOG_IND",https://www.inegi.org.mx/contenidos/programas/ccpv/2010/datosabiertos/iter_nal_2010_csv.zip,,9.6038,censo,
2020,hogares,11800247,126014024,población total,"ITER 2020 nacional, campo PHOG_IND",https://www.inegi.org.mx/contenidos/programas/ccpv/2020/datosabiertos/iter/iter_00_cpv2020_csv.zip,,9.3642,censo,
