clave,variante,agrupacion,familia,hablantes_2000
060901,Akateko2 ,Akateko,Maya,
051504,amuzgo alto del este,amuzgo,Oto-mangue,3482.0
051503,amuzgo bajo del este,amuzgo,Oto-mangue,897.0
051501,amuzgo del norte,amuzgo,Oto-mangue,19903.0
051502,amuzgo del sur,amuzgo,Oto-mangue,12703.0
061901,Awakateko,Awakateko,Maya,3.0
090501,ayapaneco,ayapaneco,Mixe-zoque,8.0
051403,chatino central,chatino,Oto-mangue,16047.0
051406,chatino de Zacatepec,chatino,Oto-mangue,453.0
051401,chatino occidental alto,chatino,Oto-mangue,8491.0
051402,chatino occidental bajo,chatino,Oto-mangue,2640.0
051405,chatino oriental alto,chatino,Oto-mangue,1796.0
051404,chatino oriental bajo,chatino,Oto-mangue,8941.0
050709,chianateco del oeste central bajo,chinanteco,Oto-mangue,1853.0
050601,chichimeco jonaz,chichimeco jonaz,Oto-mangue,1362.0
050711,chinanteco central *,chinanteco,Oto-mangue,21144.0
050702,chinanteco central bajo,chinanteco,Oto-mangue,442.0
050706,chinanteco de la Sierra *,chinanteco,Oto-mangue,6298.0
050707,chinanteco del noroeste,chinanteco,Oto-mangue,1715.0
050701,chinanteco del norte *,chinanteco,Oto-mangue,37900.0
050708,chinanteco del oeste,chinanteco,Oto-mangue,3586.0
050705,chinanteco del oeste central alto,chinanteco,Oto-mangue,7411.0
050703,chinanteco del sureste alto,chinanteco,Oto-mangue,3136.0
050704,chinanteco del sureste bajo,chinanteco,Oto-mangue,10670.0
050710,chinanteco del sureste medio *,chinanteco,Oto-mangue,11840.0
051103,chocholteco del este,chocholteco,Oto-mangue,180.0
051101,chocholteco del oeste,chocholteco,Oto-mangue,62.0
051102,chocholteco del sur,chocholteco,Oto-mangue,200.0
060401,ch'ol del noroeste,ch'ol,Maya,117379.0
060402,ch'ol del sureste,ch'ol,Maya,27199.0
100101,chontal de Oaxaca alto *,chontal de Oaxaca,Chontal de Oaxaca,2197.0
100102,chontal de Oaxaca bajo *,chontal de Oaxaca,Chontal de Oaxaca,223.0
100103,chontal de Oaxaca de la costa,chontal de Oaxaca,Chontal de Oaxaca,1060.0
060501,chontal de Tabasco central,chontal de Tabasco,Maya,14438.0
060502,chontal de Tabasco del este,chontal de Tabasco,Maya,13206.0
060504,chontal de Tabasco del norte,chontal de Tabasco,Maya,3894.0
060503,chontal de Tabasco del sureste,chontal de Tabasco,Maya,4976.0
061201,Chuj,Chuj,Maya,1771.0
020908,cora corapeño,cora,Yuto-nahua,993.0
020902,cora de Dolores,cora,Yuto-nahua,241.0
020904,cora de Jesús María,cora,Yuto-nahua,898.0
020901,cora de Rosarito,cora,Yuto-nahua,102.0
020905,cora francisqueño,cora,Yuto-nahua,211.0
020903,cora meseño *,cora,Yuto-nahua,5984.0
020907,cora presideño,cora,Yuto-nahua,1047.0
020906,cora tereseño *,cora,Yuto-nahua,3878.0
030301,cucapá,cucapá,Cochimí-yumana,119.0
051701,cuicateco del centro *,cuicateco,Oto-mangue,8675.0
051702,cuicateco del norte *,cuicateco,Oto-mangue,1503.0
051703,cuicateco del oriente *,cuicateco,Oto-mangue,1641.0
020601,guarijío del norte,guarijío,Yuto-nahua,696.0
020602,guarijío del sur,guarijío,Yuto-nahua,617.0
060103,huasteco de oriente,huasteco,Maya,5964.0
060102,huasteco del centro,huasteco,Maya,41888.0
060101,huasteco del occidente,huasteco,Maya,84092.0
110102,huave del este,huave,Huave,2795.0
110101,huave del oeste,huave,Huave,9371.0
021003,huichol del este,huichol,Yuto-nahua,6340.0
021001,huichol del norte,huichol,Yuto-nahua,8743.0
021004,huichol del oeste,huichol,Yuto-nahua,303.0
021002,huichol del sur,huichol,Yuto-nahua,2130.0
051001,ixcateco,ixcateco,Oto-mangue,21.0
062001,Ixil chajuleño,Ixil,Maya,52.0
062002,Ixil nebajeño,Ixil,Maya,12.0
061001,Jakalteko,Jakalteko,Maya,504.0
061601,Kaqchikel,Kaqchikel,Maya,35.0
061503,K'iche' (central) *,K’iche’,Maya,65.0
061502,K'iche' (occidental) *,K’iche’,Maya,65.0
061501,K'iche' (oriental) *,K’iche’,Maya,96.0
010101,Kickapoo,Kickapoo,Álgica,105.0
030501,kiliwa,kiliwa,Cochimí-yumana,29.0
030201,ku'ahl 3,ku'ahl,Cochimí-yumana,
030401,kumiai,kumiai,Cochimí-yumana,221.0
060301,lacandón,lacandón,Maya,563.0
061801,Mam de la frontera,Mam,Maya,949.0
061804,Mam de la Sierra,Mam,Maya,1788.0
061802,Mam del norte *,Mam,Maya,1755.0
061805,Mam del Soconusco,Mam,Maya,2196.0
061803,Mam del sur *,Mam,Maya,1289.0
050301,matlatzinca,matlatzinca,Oto-mangue,645.0
060201,maya,maya,Maya,734611.0
020801,mayo,mayo,Yuto-nahua,32869.0
050202,mazahua de occidente *,mazahua,Oto-mangue,26592.0
050201,mazahua de oriente *,mazahua,Oto-mangue,74006.0
050915,mazateco de Acatepec,mazateco,Oto-mangue,1038.0
050906,mazateco de Eloxochitlán,mazateco,Oto-mangue,3384.0
050909,mazateco de Huehuetlán,mazateco,Oto-mangue,1169.0
050911,mazateco de la presa alto,mazateco,Oto-mangue,20502.0
050902,mazateco de la presa bajo,mazateco,Oto-mangue,8593.0
050914,mazateco de Ocopetatillo,mazateco,Oto-mangue,757.0
050916,mazateco de Puebla,mazateco,Oto-mangue,4658.0
050910,mazateco de Tecóatl,mazateco,Oto-mangue,1300.0
050907,mazateco del centro,mazateco,Oto-mangue,33813.0
050903,mazateco del este bajo,mazateco,Oto-mangue,17520.0
050901,mazateco del noreste,mazateco,Oto-mangue,27514.0
050913,mazateco del norte,mazateco,Oto-mangue,20243.0
050912,mazateco del oeste,mazateco,Oto-mangue,6639.0
050904,mazateco del sur,mazateco,Oto-mangue,1502.0
050905,mazateco del sureste,mazateco,Oto-mangue,3192.0
050908,mazateco del suroeste,mazateco,Oto-mangue,12033.0
021123,mexicano alto de occidente,náhuatl,Yuto-nahua,127.0
021114,mexicano bajo de occidente,náhuatl,Yuto-nahua,907.0
021119,mexicano central bajo,náhuatl,Yuto-nahua,1803.0
021118,mexicano central de occidente,náhuatl,Yuto-nahua,2809.0
021116,mexicano de Guerrero,náhuatl,Yuto-nahua,124762.0
021130,mexicano de la Huasteca Hidalguense,náhuatl,Yuto-nahua,195770.0
021117,mexicano de occidente,náhuatl,Yuto-nahua,107.0
021121,mexicano de Puente de Ixtla,náhuatl,Yuto-nahua,2990.0
021120,mexicano de Temixco,náhuatl,Yuto-nahua,5139.0
021122,mexicano de Tetela del Volcán,náhuatl,Yuto-nahua,1953.0
021128,mexicano del centro,náhuatl,Yuto-nahua,1696.0
021127,mexicano del centro alto,náhuatl,Yuto-nahua,6824.0
021126,mexicano del centro bajo,náhuatl,Yuto-nahua,492.0
021115,mexicano del noroeste,náhuatl,Yuto-nahua,592.0
021124,mexicano del oriente,náhuatl,Yuto-nahua,434.0
021125,mexicano del oriente central,náhuatl,Yuto-nahua,18909.0
021129,mexicano del oriente de Puebla,náhuatl,Yuto-nahua,4795.0
090102,mixe alto del centro,mixe,Mixe-zoque,16810.0
090101,mixe alto del norte,mixe,Mixe-zoque,5468.0
090103,mixe alto del sur,mixe,Mixe-zoque,8088.0
090106,mixe bajo,mixe,Mixe-zoque,35043.0
090104,mixe medio del este,mixe,Mixe-zoque,22489.0
090105,mixe medio del oeste,mixe,Mixe-zoque,3301.0
051654,mixteco alto de Valles,mixteco,Oto-mangue,711.0
051653,mixteco bajo de Valles,mixteco,Oto-mangue,6028.0
051643,mixteco central,mixteco,Oto-mangue,3765.0
051606,mixteco central de Guerrero,mixteco,Oto-mangue,1513.0
051602,mixteco de Atlamajalcingo,mixteco,Oto-mangue,2396.0
051618,mixteco de Ayutla,mixteco,Oto-mangue,11574.0
051673,mixteco de Cañada bajo,mixteco,Oto-mangue,2814.0
051674,mixteco de Cañada central,mixteco,Oto-mangue,1878.0
051603,mixteco de Chochoapa,mixteco,Oto-mangue,856.0
051604,mixteco de Coapanatoyac,mixteco,Oto-mangue,6442.0
051667,mixteco de Coatzóspam,mixteco,Oto-mangue,2091.0
051614,mixteco de Guerrero central alto,mixteco,Oto-mangue,4630.0
051622,mixteco de Guerrero de la costa central,mixteco,Oto-mangue,255.0
051620,mixteco de Guerrero de la costa este,mixteco,Oto-mangue,2439.0
051621,mixteco de Guerrero de la costa occidental,mixteco,Oto-mangue,506.0
051607,mixteco de Guerrero del este medio,mixteco,Oto-mangue,21873.0
051601,mixteco de Guerrero del noreste central,mixteco,Oto-mangue,7761.0
051610,mixteco de Guerrero del norte,mixteco,Oto-mangue,10377.0
051611,mixteco de Guerrero del norte central,mixteco,Oto-mangue,1280.0
051605,mixteco de Igualapa,mixteco,Oto-mangue,2154.0
051625,mixteco de Ixtayutla,mixteco,Oto-mangue,6375.0
051678,mixteco de la frontera Puebla-Oaxaca,mixteco,Oto-mangue,3791.0
051666,mixteco de Mitlatongo,mixteco,Oto-mangue,600.0
051646,mixteco de Ñumi,mixteco,Oto-mangue,5790.0
051628,mixteco de Oaxaca de costa central baja,mixteco,Oto-mangue,6709.0
051626,mixteco de Oaxaca de la costa central,mixteco,Oto-mangue,20058.0
051627,mixteco de Oaxaca de la costa noroeste,mixteco,Oto-mangue,5578.0
051671,mixteco de Oaxaca de la costa oeste central,mixteco,Oto-mangue,6163.0
051647,mixteco de oeste central,mixteco,Oto-mangue,9166.0
051640,mixteco de San Agustín Tlacotepec,mixteco,Oto-mangue,555.0
051651,mixteco de San Antonio Huitepec,mixteco,Oto-mangue,2395.0
051641,mixteco de San Antonio Sinicahua,mixteco,Oto-mangue,1176.0
051663,mixteco de San Juan Tamazola,mixteco,Oto-mangue,1553.0
051677,mixteco de San Juan Teita,mixteco,Oto-mangue,368.0
051619,mixteco de San Luis Acatlán,mixteco,Oto-mangue,10573.0
051639,mixteco de San Mateo Peñasco,mixteco,Oto-mangue,1522.0
051650,mixteco de San Miguel Piedras,mixteco,Oto-mangue,243.0
051669,mixteco de San Pablo Tijaltepec,mixteco,Oto-mangue,1926.0
051637,mixteco de San Pedro Molinos,mixteco,Oto-mangue,464.0
051665,mixteco de San Pedro Tidaá,mixteco,Oto-mangue,384.0
051631,mixteco de Santa Cruz Itundujia,mixteco,Oto-mangue,851.0
051656,mixteco de Santa Inés de Zaragoza,mixteco,Oto-mangue,775.0
051633,mixteco de Santa Lucía Monteverde,mixteco,Oto-mangue,3816.0
051624,mixteco de Santa María Huazolotitlán,mixteco,Oto-mangue,3052.0
051652,mixteco de Santa María Peñoles,mixteco,Oto-mangue,5503.0
051638,mixteco de Santa María Yosoyúa,mixteco,Oto-mangue,1005.0
051630,mixteco de Santiago Amoltepec,mixteco,Oto-mangue,5627.0
051660,mixteco de Santo Domingo Tonalá,mixteco,Oto-mangue,2279.0
051668,mixteco de Sierra sur noroeste,mixteco,Oto-mangue,6172.0
051629,mixteco de Sierra sur oeste,mixteco,Oto-mangue,1442.0
051608,mixteco de Tlacoachistlahuaca,mixteco,Oto-mangue,6101.0
051613,mixteco de Tlahuapa,mixteco,Oto-mangue,871.0
051609,mixteco de Tlalixtaquilla de Maldonado,mixteco,Oto-mangue,1046.0
051680,mixteco de Tlaltempan,mixteco,Oto-mangue,523.0
051623,mixteco de Villa de Tututepec,mixteco,Oto-mangue,1019.0
051615,mixteco de Xochapa,mixteco,Oto-mangue,1183.0
051612,mixteco de Xochistlahuaca,mixteco,Oto-mangue,1026.0
051617,mixteco de Xonacatlán,mixteco,Oto-mangue,666.0
051632,mixteco de Yosondúa,mixteco,Oto-mangue,2235.0
051635,mixteco de Yosonotú,mixteco,Oto-mangue,1510.0
051675,mixteco de Yutanduchi de Guerrero,mixteco,Oto-mangue,963.0
051681,mixteco de Zapotitlán,mixteco,Oto-mangue,396.0
051616,mixteco de Zoyatlán de Juárez,mixteco,Oto-mangue,1038.0
051655,mixteco del este,mixteco,Oto-mangue,3340.0
051657,mixteco del este central,mixteco,Oto-mangue,3414.0
051664,mixteco del noreste,mixteco,Oto-mangue,5433.0
051676,mixteco del noreste bajo,mixteco,Oto-mangue,220.0
051672,mixteco del noroeste,mixteco,Oto-mangue,3106.0
051661,mixteco del noroeste central alto,mixteco,Oto-mangue,2651.0
051662,mixteco del noroeste central bajo,mixteco,Oto-mangue,1393.0
051658,mixteco del noroeste medio,mixteco,Oto-mangue,3547.0
051649,mixteco del norte bajo,mixteco,Oto-mangue,6165.0
051648,mixteco del oeste,mixteco,Oto-mangue,14213.0
051659,mixteco del oeste alto,mixteco,Oto-mangue,20941.0
051670,mixteco del oeste de la costa,mixteco,Oto-mangue,10259.0
051634,mixteco del sur bajo,mixteco,Oto-mangue,5500.0
051636,mixteco del sur medio,mixteco,Oto-mangue,3374.0
051642,mixteco del sureste central,mixteco,Oto-mangue,711.0
051645,mixteco del suroeste,mixteco,Oto-mangue,7268.0
051644,mixteco del suroeste central,mixteco,Oto-mangue,2900.0
051679,mixteco del suroeste de Puebla,mixteco,Oto-mangue,1074.0
061101,mocho',qato'k,Maya,141.0
021111,náhuatl alto del norte de Puebla,náhuatl,Yuto-nahua,1350.0
021109,náhuatl central de Veracruz *,náhuatl,Yuto-nahua,118427.0
021105,náhuatl de la Huasteca potosina,náhuatl,Yuto-nahua,133234.0
021104,náhuatl de la Huasteca veracruzana *,náhuatl,Yuto-nahua,135841.0
021108,"náhuatl de la Sierra negra, norte *",náhuatl,Yuto-nahua,109215.0
021107,"náhuatl de la Sierra negra, sur *",náhuatl,Yuto-nahua,32952.0
021110,náhuatl de la Sierra oeste de Puebla,náhuatl,Yuto-nahua,19482.0
021101,"náhuatl de la Sierra, noreste de Puebla",náhuatl,Yuto-nahua,134737.0
021106,náhuatl de Oaxaca,náhuatl,Yuto-nahua,8130.0
021113,náhuatl del centro de Puebla *,náhuatl,Yuto-nahua,72534.0
021103,náhuatl del Istmo,náhuatl,Yuto-nahua,26636.0
021112,náhuatl del Istmo bajo,náhuatl,Yuto-nahua,6800.0
021102,náhuatl del noroeste central *,náhuatl,Yuto-nahua,71040.0
090301,oluteco,oluteco,Mixe-zoque,60.0
050102,otomí bajo del noroeste,otomí,Oto-mangue,8528.0
050106,otomí de Ixtenco,otomí,Oto-mangue,461.0
050101,otomí de la Sierra,otomí,Oto-mangue,43460.0
050107,otomí de Tilapa o del sur,otomí,Oto-mangue,292.0
050109,otomí del centro,otomí,Oto-mangue,84652.0
050108,otomí del noroeste,otomí,Oto-mangue,12935.0
050103,otomí del oeste,otomí,Oto-mangue,415.0
050104,otomí del oeste del Valle del Mezquital,otomí,Oto-mangue,2140.0
050105,otomí del Valle del Mezquital,otomí,Oto-mangue,88537.0
030101,paipai,paipai,Cochimí-yumana,162.0
050502,pame del centro,pame,Oto-mangue,7373.0
050501,pame del norte,pame,Oto-mangue,337.0
020101,pápago,pápago,Yuto-nahua,94.0
020203,pima del este,pima,Yuto-nahua,337.0
020201,pima del norte,pima,Yuto-nahua,155.0
020202,pima del sur,pima,Yuto-nahua,159.0
051203,popoloca de oriente,popoloca,Oto-mangue,3694.0
051202,popoloca del centro,popoloca,Oto-mangue,641.0
051201,popoloca del norte,popoloca,Oto-mangue,8437.0
051204,popoloca del poniente,popoloca,Oto-mangue,504.0
090601,popoluca de la Sierra,popoluca de la sierra,Mixe-zoque,26017.0
080101,purépecha,tarasco,Tarasca,102988.0
060801,Q'anjob'al,Q’anjob’al,Maya,8343.0
061401,Q'eqchi',Q’eqchi’,Maya,545.0
090201,sayulteco,sayulteco,Mixe-zoque,3211.0
040101,seri,seri,Seri,356.0
020503,tarahumara de Cumbres *,tarahumara,Yuto-nahua,544.0
020504,tarahumara del centro,tarahumara,Yuto-nahua,29719.0
020502,tarahumara del norte,tarahumara,Yuto-nahua,10032.0
020501,tarahumara del oeste *,tarahumara,Yuto-nahua,9226.0
020505,tarahumara del sur,tarahumara,Yuto-nahua,5409.0
061701,Teko,Teko,Maya,71.0
070202,tepehua del norte,tepehua,Totonaco-tepehua,2786.0
070203,tepehua del oeste,tepehua,Totonaco-tepehua,2931.0
070201,tepehua del sur,tepehua,Totonaco-tepehua,1794.0
020301,tepehuano del norte,tepehuano del norte,Yuto-nahua,4955.0
020401,tepehuano del sur alto,tepehuano del sur,Yuto-nahua,2756.0
020402,tepehuano del sur bajo,tepehuano del sur,Yuto-nahua,13003.0
020403,tepehuano del sur central,tepehuano del sur,Yuto-nahua,534.0
090401,texistepequeño,texistepequeño,Mixe-zoque,426.0
050401,tlahuica,tlahuica,Oto-mangue,405.0
050803,tlapaneco central bajo *,tlapaneco,Oto-mangue,29671.0
050806,tlapaneco del centro *,tlapaneco,Oto-mangue,6191.0
050805,tlapaneco del este,tlapaneco,Oto-mangue,3248.0
050808,tlapaneco del noroeste alto,tlapaneco,Oto-mangue,2138.0
050809,tlapaneco del noroeste bajo,tlapaneco,Oto-mangue,6271.0
050807,tlapaneco del norte *,tlapaneco,Oto-mangue,4771.0
050802,tlapaneco del oeste,tlapaneco,Oto-mangue,549.0
050801,tlapaneco del sur,tlapaneco,Oto-mangue,592.0
050804,tlapaneco del suroeste *,tlapaneco,Oto-mangue,23772.0
061301,tojolabal,tojolabal,Maya,34315.0
070104,totonaco central alto,totonaco,Totonaco-tepehua,8732.0
070102,totonaco central del norte,totonaco,Totonaco-tepehua,15052.0
070107,totonaco central del sur,totonaco,Totonaco-tepehua,114913.0
070105,totonaco de la costa,totonaco,Totonaco-tepehua,58205.0
070103,totonaco del cerro Xinolatépetl,totonaco,Totonaco-tepehua,999.0
070106,totonaco del río Necaxa,totonaco,Totonaco-tepehua,3273.0
070101,totonaco del sureste,totonaco,Totonaco-tepehua,487.0
051803,triqui de la alta,triqui,Oto-mangue,2957.0
051804,triqui de la baja,triqui,Oto-mangue,1412.0
051802,triqui de la media,triqui,Oto-mangue,2102.0
051801,triqui de San Juan Copala,triqui,Oto-mangue,7628.0
060602,tseltal del norte *,tseltal,Maya,84198.0
060601,tseltal del occidente,tseltal,Maya,112753.0
060603,tseltal del oriente *,tseltal,Maya,70313.0
060604,tseltal del sur,tseltal,Maya,5853.0
060707,tsotsil de los Altos,tsotsil,Maya,12909.0
060704,tsotsil del centro,tsotsil,Maya,57107.0
060701,tsotsil del este alto,tsotsil,Maya,9526.0
060705,tsotsil del este bajo,tsotsil,Maya,29404.0
060702,tsotsil del noroeste,tsotsil,Maya,41289.0
060706,tsotsil del norte alto,tsotsil,Maya,77699.0
060703,tsotsil del norte bajo,tsotsil,Maya,6921.0
061102,tuzanteco,qato'k,Maya,5.0
020701,yaqui,yaqui,Yuto-nahua,11805.0
051338,zapoteco de Asunción Tlacolulita,zapoteco,Oto-mangue,53.0
051326,zapoteco de la costa central *,zapoteco,Oto-mangue,32704.0
051339,zapoteco de la costa este,zapoteco,Oto-mangue,1590.0
051332,zapoteco de la costa noreste,zapoteco,Oto-mangue,8482.0
051325,zapoteco de la costa oeste *,zapoteco,Oto-mangue,9742.0
051359,"zapoteco de la montaña del Istmo, alto",zapoteco,Oto-mangue,3441.0
051360,"zapoteco de la montaña del Istmo, bajo",zapoteco,Oto-mangue,1757.0
051362,zapoteco de la planicie costera,zapoteco,Oto-mangue,101593.0
051327,"zapoteco de la Sierra sur, central *",zapoteco,Oto-mangue,9975.0
051324,"zapoteco de la Sierra sur, del este bajo *",zapoteco,Oto-mangue,420.0
051331,"zapoteco de la Sierra sur, del norte",zapoteco,Oto-mangue,2273.0
051335,"zapoteco de la Sierra sur, del sureste alto",zapoteco,Oto-mangue,2259.0
051334,"zapoteco de la Sierra sur, del sureste bajo",zapoteco,Oto-mangue,1087.0
051328,"zapoteco de la Sierra sur, noreste",zapoteco,Oto-mangue,5060.0
051303,"zapoteco de la Sierra sur, noroeste",zapoteco,Oto-mangue,849.0
051306,"zapoteco de la Sierra sur, noroeste alto",zapoteco,Oto-mangue,3675.0
051302,"zapoteco de la Sierra sur, noroeste bajo",zapoteco,Oto-mangue,164.0
051329,"zapoteco de la Sierra sur, noroeste medio",zapoteco,Oto-mangue,2443.0
051305,"zapoteco de la Sierra sur, oeste bajo",zapoteco,Oto-mangue,2282.0
051333,zapoteco de Mixtepec,zapoteco,Oto-mangue,14.0
051361,zapoteco de Petapa,zapoteco,Oto-mangue,4613.0
051330,zapoteco de Quiavicuzas,zapoteco,Oto-mangue,623.0
051304,zapoteco de San Antonino el Alto,zapoteco,Oto-mangue,504.0
051355,zapoteco de San Baltazar Chichicapam,zapoteco,Oto-mangue,2585.0
051337,zapoteco de San Bartolo Yautepec,zapoteco,Oto-mangue,246.0
051341,zapoteco de San Felipe Tejalápam,zapoteco,Oto-mangue,50.0
051307,zapoteco de San Miguel Aloápam,zapoteco,Oto-mangue,2246.0
051323,zapoteco de San Vicente Coatlán,zapoteco,Oto-mangue,3075.0
051336,zapoteco de Santa María Quiegolani,zapoteco,Oto-mangue,1081.0
051312,zapoteco de Santa María Temaxcalapa,zapoteco,Oto-mangue,843.0
051319,zapoteco de Santiago Laxopa,zapoteco,Oto-mangue,1231.0
051314,zapoteco de Santiago Yaveo,zapoteco,Oto-mangue,1170.0
051357,"zapoteco de Sierra sur, del noreste alto",zapoteco,Oto-mangue,9692.0
051301,zapoteco de Texmelucan,zapoteco,Oto-mangue,4627.0
051322,zapoteco de Valles del sur,zapoteco,Oto-mangue,3209.0
051350,"zapoteco de Valles, de suroeste alto",zapoteco,Oto-mangue,3640.0
051349,"zapoteco de Valles, del centro",zapoteco,Oto-mangue,257.0
051352,"zapoteco de Valles, del centro bajo",zapoteco,Oto-mangue,2605.0
051354,"zapoteco de Valles, del este central *",zapoteco,Oto-mangue,9942.0
051356,"zapoteco de Valles, del este medio *",zapoteco,Oto-mangue,10508.0
051358,"zapoteco de Valles, del noreste",zapoteco,Oto-mangue,1579.0
051345,"zapoteco de Valles, del noroeste bajo",zapoteco,Oto-mangue,1128.0
051344,"zapoteco de Valles, del noroeste medio",zapoteco,Oto-mangue,20448.0
051353,"zapoteco de Valles, del norte central",zapoteco,Oto-mangue,25868.0
051348,"zapoteco de Valles, del oeste central",zapoteco,Oto-mangue,2067.0
051351,"zapoteco de Valles, del suroeste central",zapoteco,Oto-mangue,4438.0
051346,"zapoteco de Valles, del suroeste medio",zapoteco,Oto-mangue,4283.0
051342,"zapoteco de Valles, noroeste",zapoteco,Oto-mangue,2641.0
051343,"zapoteco de Valles, norte",zapoteco,Oto-mangue,1303.0
051340,"zapoteco de Valles, oeste",zapoteco,Oto-mangue,211.0
051347,zapoteco de Zimatlán de Álvarez,zapoteco,Oto-mangue,562.0
051313,zapoteco del oeste de Tuxtepec,zapoteco,Oto-mangue,2675.0
051310,"zapoteco serrano, bajo",zapoteco,Oto-mangue,1823.0
051315,"zapoteco serrano, del este *",zapoteco,Oto-mangue,1519.0
051308,"zapoteco serrano, del noroeste",zapoteco,Oto-mangue,1587.0
051311,"zapoteco serrano, del noroeste bajo *",zapoteco,Oto-mangue,14780.0
051309,"zapoteco serrano, del oeste",zapoteco,Oto-mangue,3164.0
051321,"zapoteco serrano, del oeste medio",zapoteco,Oto-mangue,2060.0
051316,"zapoteco serrano, del sureste",zapoteco,Oto-mangue,4509.0
051318,"zapoteco serrano, del sureste alto",zapoteco,Oto-mangue,1597.0
051320,"zapoteco serrano, del sureste bajo",zapoteco,Oto-mangue,2673.0
051317,"zapoteco serrano, del sureste medio",zapoteco,Oto-mangue,2557.0
090701,zoque del centro,zoque,Mixe-zoque,6161.0
090703,zoque del este *,zoque,Mixe-zoque,9003.0
090706,zoque del noroeste,zoque,Mixe-zoque,3137.0
090704,zoque del norte alto,zoque,Mixe-zoque,7513.0
090705,zoque del norte bajo *,zoque,Mixe-zoque,15952.0
090708,zoque del oeste,zoque,Mixe-zoque,3432.0
090702,zoque del sur,zoque,Mixe-zoque,84.0
090707,zoque del sureste,zoque,Mixe-zoque,2070.0
