clave,encuesta,anio,unidad,valor_oficial,tolerancia,fuente_id,consultado,estado,nota
viv_internet,censo,2020,% de viviendas particulares habitadas con internet,52.1,2.5,R-CENSO-2020-TAB,2026-09-18,verificado,"Tabulado de disponibilidad de TIC en la vivienda, cuestionario básico. La muestra ampliada da una cifra cercana pero no idéntica; la tolerancia cubre esa diferencia de diseño."
viv_celular,censo,2020,% de viviendas particulares habitadas con teléfono celular,87.5,2.5,R-CENSO-2020-TAB,2026-09-18,verificado,"Mismo tabulado."
viv_computadora,censo,2020,"% de viviendas particulares habitadas con computadora, laptop o tableta",37.6,2.5,R-CENSO-2020-TAB,2026-09-18,verificado,"Mismo tabulado."
viv_televisor,censo,2020,% de viviendas particulares habitadas con televisor,91.1,2.5,R-CENSO-2020-TAB,2026-09-18,verificado,"Mismo tabulado."
pob_hli_6mas,censo,2020,% de personas de 6 años o más que hablan lengua indígena,6.1,1.0,R-INEGI-PI,2026-09-18,referencia,"El INEGI publica 6.1 % sobre la población de 3 años o más; aquí el universo es 6 años o más, así que la cifra es referencia y no verificación exacta."
pob_autoads_6mas,censo,2020,% de personas que se consideran indígenas,19.4,1.0,R-INEGI-PI,2026-09-18,referencia,"El INEGI publica 19.4 % sobre la población total; aquí es 6 años o más."
hog_internet_2024,enigh,2024,% de hogares con conexión a internet,,1.5,R-ENIGH-2024-TAB,2026-09-27,pendiente,"Los cinco cuadernos de tabulados de la ENIGH 2024 (básicos, hogares y vivienda, personas, entidad federativa, género) y la presentación de resultados no publican internet en ninguna celda: el cuadro 1.28 (equipamiento de la vivienda) y el 3.3 (aparatos del hogar) no lo incluyen. Referencia no equivalente: ENDUTIH 2024 (comunicado 57/25) da 73.6 % de hogares con acceso a internet, con otra encuesta, otro universo (todos los hogares) y otra pregunta (cualquier acceso, fijo o móvil); la diferencia de 3 puntos con el cálculo propio (70.5 %) no es una discrepancia por conciliar."
pob_igual_conapo,ageb,2020,% de AGEB de la ciudad con población idéntica a la de CONAPO,100,0.5,D-CONAPO-IMU-2020,2026-09-21,verificado,"Unión por clave de AGEB de 13 dígitos entre el tabulado del Censo y el índice de marginación urbana."
pob_igual_coneval,ageb,2020,% de AGEB de la ciudad con población idéntica a la de CONEVAL,100,0.5,D-CONEVAL-GRS-2020,2026-09-21,verificado,"Unión por clave de AGEB entre el tabulado del Censo y el grado de rezago social."
viv_igual_coneval,ageb,2020,% de AGEB con el mismo total de viviendas con características que CONEVAL,100,1.0,D-CONEVAL-GRS-2020,2026-09-21,verificado,"Fija VIVPARH_CV como denominador de los indicadores de vivienda; con TVIVPARHAB la coincidencia baja a 42 %."
sin_internet_dentro_medio_punto,ageb,2020,% de AGEB donde viviendas sin internet difiere de CONEVAL en 0.5 pp o menos,100,3.0,D-CONEVAL-GRS-2020,2026-09-21,verificado,"Las AGEB que difieren más son las de alta no respuesta (todas en Miguel Hidalgo): CONEVAL excluye las viviendas sin respuesta y el tabulado no las separa."
cdmx_phog_ind,ageb,2020,% de población en hogares indígenas de la ciudad (suma de AGEB urbanas),3.139,0.15,D-CENSO-2020-RESAGEBURB,2026-09-21,verificado,"Cifra oficial: fila de total de la entidad del tabulado (289 139 de 9 209 944). La suma por AGEB urbana pierde lo suprimido y lo rural."
cdmx_viv_internet,ageb,2020,% de viviendas con internet de la ciudad (suma de AGEB urbanas),75.728,0.5,D-CENSO-2020-RESAGEBURB,2026-09-21,verificado,"Cifra oficial: fila de total de la entidad del tabulado, VPH_INTER sobre VIVPARH_CV."
usa_internet_6mas,endutih,2025,% de personas de 6 años o más que usan internet,86.1,0.3,R-ENDUTIH-2025-COM,2026-09-21,verificado,"Comunicado 32/26, primera página: 86.1 % de la población de 6 años y más usó internet."
usa_celular_6mas,endutih,2025,% de personas de 6 años o más que usan celular,84.6,0.3,R-ENDUTIH-2025-COM,2026-09-21,verificado,"Comunicado 32/26, sección II. El cotejo corrigió el indicador: con P8_3 sola daba 89.1 %; la definición oficial exige además disponer de celular (P8_1)."
usa_computadora_6mas,endutih,2025,% de personas de 6 años o más que usan computadora,38.1,0.3,R-ENDUTIH-2025-COM,2026-09-21,verificado,"Comunicado 32/26, primera página: 38.1 % usó computadora de escritorio, laptop o tablet."
escucha_radio_6mas,endutih,2025,% de personas de 6 años o más que escucharon la radio,29.8,0.3,R-ENDUTIH-2025-RR,2026-09-21,verificado,"Reporte de resultados 19/26, sección VIII, personas usuarias de radio. Confirma que P10_1 es la pregunta de radio en 2025."
net_habla_lengua,endutih,2025,% de las personas usuarias de internet que hablan lengua indígena,4.7,0.3,R-ENDUTIH-2025-RR,2026-09-21,verificado,"Reporte de resultados 19/26, gráfica 5. Confirma que P6A_5 es la pregunta de lengua indígena."
net_se_considera,endutih,2025,% de las personas usuarias de internet que se consideran indígenas,26.6,0.5,R-ENDUTIH-2025-RR,2026-09-21,verificado,"Reporte de resultados 19/26, gráfica 5. Confirma que P6A_3 es la pregunta de autoadscripción indígena."
cdmx_hli3_2010,serie,2010,% de población de 3 años y más que habla lengua indígena en la CDMX,1.49,0.05,D-ITER-2010,2026-09-24,verificado,"123 224 de 8 295 664 (ITER 2010, total de la entidad); la SEPI redondea a 1.5 %."
cdmx_hli3_2015_n,serie,2015,hablantes de lengua indígena de 3 años y más en la CDMX,129355,1,R-SECULT-LENGUAS,2026-09-24,verificado,"Tabla 2 del documento de la Secretaría de Cultura (68 457 mujeres + 60 898 hombres). El texto del mismo documento y la SEPI citan 129 297."
cdmx_hli3_2020_n,serie,2020,hablantes de lengua indígena de 3 años y más en la CDMX,125153,1,R-SEPI-2024-DIV,2026-09-24,verificado,"Perfil de la SEPI, p. 18; coincide con el ITER 2020."
cdmx_hli3_2025,serie,2025,% de población de 3 años y más que habla lengua indígena en la CDMX,1.40,0.05,D-EIC-2025-105,2026-09-24,verificado,"Conjunto 105, fila de total de la entidad (PCN_P3YM_HLI)."
cdmx_autoads_2015_n,serie,2015,personas que se consideran indígenas en la CDMX,784605,1,R-SECULT-LENGUAS,2026-09-24,verificado,"Sección Identidad indígena del documento; la SEPI publica 8.8 %."
cdmx_autoads_2020_n,serie,2020,personas que se consideran indígenas en la CDMX,825348,1,R-SEPI-2024-PERFIL,2026-09-24,verificado,"Perfil estadístico de la SEPI (población autoadscrita, PAI)."
cdmx_autoads_2025,serie,2025,% de población que se considera indígena en la CDMX,6.76,0.05,D-EIC-2025-105,2026-09-24,verificado,"Conjunto 105, PCN_POB_IND. Baja 2.3 puntos respecto a 2020; pendiente revisar si cambió la redacción de la pregunta."
cdmx_phog_2010_n,serie,2010,población en hogares indígenas en la CDMX,271463,1,D-ITER-2010,2026-09-24,verificado,"ITER 2010; definición jefe o cónyuge."
cdmx_phog_2025_n,serie,2025,población en hogares indígenas en la CDMX,282966,1,D-EIC-2025-105,2026-09-24,verificado,"Conjunto 105, PHOG_IND, fila de total de la entidad."
iztapalapa_parte_2015,serie,2015,% de los hablantes de la CDMX que viven en Iztapalapa,24.2,0.1,R-SECULT-LENGUAS,2026-09-24,verificado,"Mapa 3 y tabla 2 del documento (31 335 de 129 355)."
nahuatl_2015,lenguas,2015,hablantes de náhuatl en la CDMX,38549,1,R-SECULT-LENGUAS,2026-09-24,verificado,"Tabla 1 del documento; los microdatos de la EIC 2015 la reproducen exacta, igual que mixteco, otomí, mazateco, zapoteco y mazahua."
nahuatl_2020,lenguas,2020,hablantes de náhuatl en la CDMX,39475,1500,R-SEPI-2024-DIV,2026-09-24,referencia,"Tabla 3 de la SEPI (cuestionario básico). Aquí la lengua sale de la muestra ampliada (38 338): la diferencia es de diseño, no de código."
hli_nacidos_fuera_2020,lenguas,2020,% de hablantes de la CDMX nacidos fuera de la ciudad,84.3,2.5,R-SEPI-2024-DIV,2026-09-24,referencia,"La SEPI publica 84.3 % en otra entidad y 0.5 % en otro país con el básico; la muestra ampliada da 82.3 % incluyendo otro país."
cdmx_hli5_1990_n,serie,1990,hablantes de lengua indígena de 5 años y más en la CDMX,111552,4000,R-SEPI-2024-DIV,2026-09-24,referencia,"Gráfica 2 de la SEPI. El ITER 1990 solo publica quienes hablan y no hablan español (107 647); faltan 3 905 sin especificar."
cdmx_hli5_1995_n,serie,1995,hablantes de lengua indígena de 5 años y más en la CDMX,100890,1,D-ITER-1995,2026-09-24,verificado,"ITER 1995, total de la entidad (P5HLIND); coincide con la serie de la SEPI."
cdmx_hli5_2000_n,serie,2000,hablantes de lengua indígena de 5 años y más en la CDMX,141710,1,D-ITER-2000,2026-09-24,verificado,"ITER 2000, total de la entidad (P5_HLI); coincide con la serie de la SEPI."
cdmx_hli5_2005_n,serie,2005,hablantes de lengua indígena de 5 años y más en la CDMX,118424,1,D-ITER-2005,2026-09-24,verificado,"ITER 2005, total de la entidad (P5YMAHLI); coincide con la serie de la SEPI."
cdmx_hli5_2010_n,serie,2010,hablantes de lengua indígena de 5 años y más en la CDMX,122411,1,D-ITER-2010,2026-09-24,verificado,"ITER 2010 (P5_HLI); coincide con la serie de la SEPI."
cdmx_hli5_2020_n,serie,2020,hablantes de lengua indígena de 5 años y más en la CDMX,124540,1,D-ITER-2020,2026-09-24,verificado,"ITER 2020 (P5_HLI); coincide con la serie de la SEPI."
cdmx_phog_2005_n,serie,2005,población en hogares indígenas en la CDMX,247208,1,D-ITER-2005,2026-09-24,verificado,"ITER 2005 (P_HOG_IND), total de la entidad; definición jefe o cónyuge."
cdmx_autoads_2010,serie,2010,% de población de 3 años y más que se considera indígena en la CDMX,5.2065,0.1,R-CENSO-2010-TAB-AMP,2026-09-27,verificado,"Tabulado del cuestionario ampliado 05_02A (Lengua indígena 2), hoja 05.02A MUNICIPAL FILTROS 09, fila Distrito Federal Total: 8 426 949 personas de 3 años y más, 5.2065 % se considera indígena (error estándar 0.039 pp). La muestra da 5.20 % y 438 855 personas; el conteo implícito del tabulado es 438 750."
word_tabla2_celdas_iguales,serie,2015,celdas iguales a la tabla 2 del documento (hablantes por sexo y alcaldía),32,0,R-SECULT-LENGUAS,2026-09-26,verificado,"Cotejo masivo: las 32 celdas (16 alcaldías x mujeres/hombres) de la EIC 2015 coinciden exactas con la tabla del documento."
sepi_monolingues_alcaldia_iguales,serie,2020,alcaldías con monolingües iguales a la tabla 1 de la SEPI,4,0,R-SEPI-2024-DIV,2026-09-26,verificado,"Iztapalapa 305, Gustavo A. Madero 109, Xochimilco 91 y Tlalpan 87: las cuatro que publica la SEPI coinciden con el ITER 2020."
eic2025_alcaldias_iguales,serie,2025,alcaldías con % de hablantes igual al tabulado 105,16,0,D-EIC-2025-105,2026-09-26,verificado,"Las 16 alcaldías reproducen PCN_P3YM_HLI del conjunto 105 (a dos decimales)."
inali2000_misma_variante_mayor,variantes,2000,% de lenguas con varias variantes cuya variante mayor coincide con la del INALI,100,30,R-INALI-EST-2000,2026-09-26,referencia,"27 de 35 lenguas. Los pesos de aquí son del Censo 2020 por municipio y los del INALI del Censo 2000 por localidad: se contrasta el orden, no la cifra."
inali2000_top5,variantes,2000,% de coincidencia entre las cinco variantes mayores de cada lengua y las del INALI,100,15,R-INALI-EST-2000,2026-09-26,referencia,"Coincidencia media de 94 %. Confirma que el cruce por municipio ordena las variantes como el cruce oficial por localidad."
cdmx_phog_ind_2010,ageb,2010,% de población en hogares indígenas de la ciudad (suma de AGEB urbanas 2010),3.067,0.15,D-CENSO-2010-RESAGEBURB,2026-09-27,verificado,"Cifra oficial: fila de total de la entidad del tabulado 2010 (271 463 de 8 851 080). La suma por AGEB urbana pierde lo suprimido."
cdmx_p3ym_hli_2010,ageb,2010,% de hablantes de 3 años y más de la ciudad (suma de AGEB urbanas 2010),1.485,0.1,D-CENSO-2010-RESAGEBURB,2026-09-27,verificado,"Cifra oficial: fila de total de la entidad del tabulado 2010 (123 224 de 8 296 316 de 3 años y más)."
agebs_2010_con_geometria,ageb,2010,AGEB urbanas 2010 de la ciudad con polígono y dato,2432,0,D-INEGI-CGU-2010,2026-09-27,verificado,"Las 2 432 AGEB del tabulado 2010 encuentran su polígono en la cartografía de cierre del Censo 2010 (33 localidades urbanas)."
manzanas_2010_con_geometria,manzana,2010,Manzanas urbanas 2010 de la ciudad con polígono y dato,63239,0,D-INEGI-CGU-2010,2026-09-27,verificado,"Las 63 239 manzanas del tabulado 2010 encuentran su polígono en la cartografía de cierre del Censo 2010."
hablantes3_nacional_2020,nacional,2020,Hablantes de lengua indígena de 3 años y más en el país,7364645,0,D-ITER-2020-NAL,2026-09-27,verificado,"Cifra oficial del Censo 2020 (7 364 645); la fila de total nacional del ITER la reproduce exacta y la muestra del ampliado da 2.1 % más."
pct_autoads_nacional_2020,nacional,2020,% de población de 3 años y más que se considera indígena en el país,19.4,0.1,D-CENSO-2020,2026-09-27,verificado,"Comunicado de resultados del Censo 2020 (INEGI): 23.2 millones de personas de 3 años y más se autoidentifican como indígenas, 19.4 %. La muestra da 23 229 089 sobre 119 976 584."
autoads_mun_mediana_dif_2020,inpi,2020,Mediana de la diferencia (puntos) entre la autoadscripción municipal propia y la publicada por el INPI,0,0.05,D-INPI-2020-AUTO,2026-09-28,verificado,"El INPI publica la autoadscripción de 3 años y más por municipio con la misma muestra censal (archivo 2, estimación en proporción 0-1). En 2 463 municipios comparables la diferencia mediana con la estimación propia es de 0.026 puntos y la máxima de 0.05: la misma cifra hasta el redondeo."
pct_pi_nacional_2020,inpi,2020,% de población indígena según el INPI en el país (hogares más hablantes fuera de ellos),9.5,0.05,D-INPI-2020-HOG,2026-09-28,verificado,"Página del INPI: 11 979 483 personas, 9.5 % de 126 014 024; la fila nacional del archivo 3 y la suma de los 2 469 municipios del archivo 4 dan la misma cifra."
nacional_0211_2020,lenguas,2020,Hablantes de náhuatl de 3 años y más en el país,1651958,247793,R-CENSO-2020-TAB-ETN,2026-09-28,verificado,"Tabulado básico Etnicidad 2020, hoja 03, fila de la lengua con sexo Total. La estimación propia sale de la muestra del cuestionario ampliado, que sobreestima a los hablantes: 2 % en el total nacional y hasta 14 % en tseltal y 3 % en maya; tolerancia de 15 % y la diferencia queda anotada en calculado.csv."
nacional_0602_2020,lenguas,2020,Hablantes de maya de 3 años y más en el país,774755,116213,R-CENSO-2020-TAB-ETN,2026-09-28,verificado,"Tabulado básico Etnicidad 2020, hoja 03, fila de la lengua con sexo Total. La estimación propia sale de la muestra del cuestionario ampliado, que sobreestima a los hablantes: 2 % en el total nacional y hasta 14 % en tseltal y 3 % en maya; tolerancia de 15 % y la diferencia queda anotada en calculado.csv."
nacional_0606_2020,lenguas,2020,Hablantes de tseltal de 3 años y más en el país,589144,88371,R-CENSO-2020-TAB-ETN,2026-09-28,verificado,"Tabulado básico Etnicidad 2020, hoja 03, fila de la lengua con sexo Total. La estimación propia sale de la muestra del cuestionario ampliado, que sobreestima a los hablantes: 2 % en el total nacional y hasta 14 % en tseltal y 3 % en maya; tolerancia de 15 % y la diferencia queda anotada en calculado.csv."
nacional_0607_2020,lenguas,2020,Hablantes de tsotsil de 3 años y más en el país,550274,82541,R-CENSO-2020-TAB-ETN,2026-09-28,verificado,"Tabulado básico Etnicidad 2020, hoja 03, fila de la lengua con sexo Total. La estimación propia sale de la muestra del cuestionario ampliado, que sobreestima a los hablantes: 2 % en el total nacional y hasta 14 % en tseltal y 3 % en maya; tolerancia de 15 % y la diferencia queda anotada en calculado.csv."
nacional_0516_2020,lenguas,2020,Hablantes de mixteco de 3 años y más en el país,526593,78988,R-CENSO-2020-TAB-ETN,2026-09-28,verificado,"Tabulado básico Etnicidad 2020, hoja 03, fila de la lengua con sexo Total. La estimación propia sale de la muestra del cuestionario ampliado, que sobreestima a los hablantes: 2 % en el total nacional y hasta 14 % en tseltal y 3 % en maya; tolerancia de 15 % y la diferencia queda anotada en calculado.csv."
nacional_0513_2020,lenguas,2020,Hablantes de zapoteco de 3 años y más en el país,490845,73626,R-CENSO-2020-TAB-ETN,2026-09-28,verificado,"Tabulado básico Etnicidad 2020, hoja 03, fila de la lengua con sexo Total. La estimación propia sale de la muestra del cuestionario ampliado, que sobreestima a los hablantes: 2 % en el total nacional y hasta 14 % en tseltal y 3 % en maya; tolerancia de 15 % y la diferencia queda anotada en calculado.csv."
n_lenguas_nacional_2020,lenguas,2020,Lenguas con hablantes en el país según el tabulado 2020,70,0,R-CENSO-2020-TAB-ETN,2026-09-28,verificado,"El tabulado lista 70 lenguas del catálogo del INALI con hablantes (la menor, awakateko con 20), más otras lenguas de América y no especificado; la muestra reproduce las 70."
variantes_muy_alto,riesgo,2012,Variantes en riesgo muy alto de desaparición,64,0,D-INALI-RIESGO-2012,2026-09-28,verificado,"Cuadro resumen de la introducción del libro del INALI (2012); la extracción de los cuadros 2 a 5 reproduce el conteo."
variantes_alto,riesgo,2012,Variantes en riesgo alto de desaparición,43,0,D-INALI-RIESGO-2012,2026-09-28,verificado,"Cuadro resumen de la introducción del libro del INALI (2012); la extracción de los cuadros 2 a 5 reproduce el conteo."
variantes_mediano,riesgo,2012,Variantes en riesgo mediano de desaparición,72,0,D-INALI-RIESGO-2012,2026-09-28,verificado,"Cuadro resumen de la introducción del libro del INALI (2012); la extracción de los cuadros 2 a 5 reproduce el conteo."
variantes_no_inmediato,riesgo,2012,Variantes en riesgo no inmediato de desaparición,185,0,D-INALI-RIESGO-2012,2026-09-28,verificado,"Cuadro resumen de la introducción del libro del INALI (2012); la extracción de los cuadros 2 a 5 reproduce el conteo."
disc_2017,enadis,2017,% de población indígena de 12 años y más discriminada en los últimos 12 meses,25.3,0.1,R-ENADIS-2022-BOL,2026-09-28,verificado,"Boletín 275/23, gráfica 9 (barra 2017)."
disc_2022,enadis,2022,% de población indígena de 12 años y más discriminada en los últimos 12 meses,28.0,0.1,R-ENADIS-2022-BOL,2026-09-28,verificado,"Boletín 275/23 p. 9 y tabulado III, cuadro 3.13 (2 926 774 personas)."
derecho_2017,enadis,2017,% de población indígena de 12 años y más con al menos un derecho negado (5 años),29.2,0.1,R-ENADIS-2017-BOL,2026-09-28,verificado,"Boletín 346/18 p. 12; se reproduce sin contar el derecho a estudiar."
derecho_2022,enadis,2022,% de población indígena de 18 años y más con al menos un derecho negado (5 años),26.9,0.1,R-ENADIS-2022-BOL,2026-09-28,verificado,"Boletín 275/23 p. 11."
ambito_2017,enadis,2017,% de población indígena de 12 años y más discriminada en al menos un ámbito (12 meses),20.3,0.1,R-ENADIS-2017-BOL,2026-09-28,verificado,"Boletín 346/18 p. 10."
por_indigena_2022,enadis,2022,% de la población indígena discriminada que señala como motivo ser indígena o afrodescendiente,29.0,0.1,R-ENADIS-2022-BOL,2026-09-28,verificado,"Tabulado III, cuadro 3.13."
ocupada_pea_2025,perfil,2025,% de la PEA ocupada en la Ciudad de México,96.59,0.05,R-EIC-2025-ENT09,2026-09-28,verificado,Indicador publicado para la entidad.
monolingue_2025,perfil,2025,% de hablantes de la Ciudad de México que no hablan español,0.95,0.02,R-EIC-2025-ENT09,2026-09-28,verificado,Indicador publicado para la entidad.
pea_2025,perfil,2025,% de la población de 12 años y más económicamente activa en la Ciudad de México,59.25,0.2,R-EIC-2025-ENT09,2026-09-28,verificado,"El INEGI incluye el no especificado en el denominador; aquí se excluye, de ahí la diferencia de 0.14 puntos."
afiliada_2025,perfil,2025,% de la población afiliada a servicios de salud en la Ciudad de México,80.07,0.25,R-EIC-2025-ENT09,2026-09-28,verificado,"El INEGI incluye el no especificado en el denominador; aquí se excluye, de ahí la diferencia de 0.18 puntos."
discapacidad_2025,perfil,2025,Personas con discapacidad en la Ciudad de México,480127,500,R-EIC-2025-ENT09,2026-09-28,verificado,Escala del Grupo de Washington: mucha dificultad o no puede en alguno de seis dominios.
vida_total_2021,endireh,2021,% de mujeres de 15 años y más con violencia a lo largo de la vida,70.1,0.1,R-ENDIREH-2021-TAB,2026-09-28,verificado,"Hoja 21.13, total."
vida_hli_2021,endireh,2021,% de mujeres hablantes de lengua indígena con violencia a lo largo de la vida,60.5,0.1,R-ENDIREH-2021-TAB,2026-09-28,verificado,"Hoja 21.13, habla lengua indígena."
vida_autoads_2021,endireh,2021,% de mujeres que se consideran indígenas con violencia a lo largo de la vida,67.6,0.1,R-ENDIREH-2021-TAB,2026-09-28,verificado,"Hoja 21.13, se considera indígena (sí o en parte)."
12m_total_2021,endireh,2021,% de mujeres de 15 años y más con violencia en los últimos 12 meses,42.8,0.1,R-ENDIREH-2021-TAB,2026-09-28,verificado,"Hoja 21.14, total."
12m_hli_2021,endireh,2021,% de mujeres hablantes con violencia en los últimos 12 meses,32.4,0.1,R-ENDIREH-2021-TAB,2026-09-28,verificado,Hoja 21.14.
12m_autoads_2021,endireh,2021,% de mujeres que se consideran indígenas con violencia en los últimos 12 meses,40.7,0.1,R-ENDIREH-2021-TAB,2026-09-28,verificado,Hoja 21.14.
pobreza_indigena_2022,coneval,2022,% de población indígena en pobreza (CONEVAL),65.2,0.1,D-CONEVAL-AE-2022,2026-09-28,verificado,"Anexo estadístico 2022, cuadro 16; el cargador lee el mismo archivo, el cotejo confirma que la lectura por posición es correcta."
pobreza_extrema_indigena_2022,coneval,2022,% de población indígena en pobreza extrema (CONEVAL),26.3,0.1,D-CONEVAL-AE-2022,2026-09-28,verificado,"Anexo estadístico 2022, cuadro 16."
hablantes3_nacional_2015_micro,nacional,2015,"Hablantes de 3 años y más en el país, microdatos de la EIC 2015",7382785,1,R-EIC-2015-TAB-ETN,2026-09-28,verificado,"Tabulado Etnicidad 1 de la Encuesta Intercensal 2015. Confirma que el mismo cálculo con los microdatos, a partir de 5 años, da la cifra de 5 años y más que el INEGI no tabuló."
hablantes3_nacional_2025_micro,nacional,2025,"Hablantes de 3 años y más en el país, microdatos de la EIC 2025",7421285,1,R-EIC-2025-TAB-ETN,2026-09-28,verificado,Tabulado Etnicidad 4 de la Encuesta Intercensal 2025. Confirma el cálculo de 5 años y más con los mismos microdatos.
clin_familias,lenguas,2008,Familias lingüísticas del Catálogo de las Lenguas Indígenas Nacionales,11,0,D-INALI-CLIN-2008,2026-09-28,verificado,"Presentación del Catálogo: 11 familias, 68 agrupaciones y 364 variantes."
clin_agrupaciones,lenguas,2008,Agrupaciones lingüísticas del Catálogo,68,0,D-INALI-CLIN-2008,2026-09-28,verificado,Presentación del Catálogo.
clin_variantes,lenguas,2008,Variantes lingüísticas del Catálogo,364,0,D-INALI-CLIN-2008,2026-09-28,verificado,Presentación del Catálogo; la extracción de las 68 páginas reproduce las 364.
pea_hli_2025,perfil,2025,% de hablantes de 12 años y más económicamente activos en la Ciudad de México,69.27,0.3,R-EIC-2025-TAB-ETN,2026-09-28,verificado,"Tabulado Etnicidad 51, tasa específica de participación económica. El INEGI deja el no especificado en el denominador; aquí se excluye."
discapacidad_hli_2025,perfil,2025,% de hablantes con discapacidad en la Ciudad de México,7.66,0.1,R-EIC-2025-TAB-ETN,2026-09-28,verificado,Tabulado Etnicidad 51.
afiliada_hli_2025,perfil,2025,% de hablantes afiliados a servicios de salud en la Ciudad de México,66.86,0.2,R-EIC-2025-TAB-ETN,2026-09-28,verificado,Tabulado Etnicidad 51.
pea_autoads_2025,perfil,2025,% de quienes se consideran indígenas de 12 años y más económicamente activos en la Ciudad de México,61.07,0.3,R-EIC-2025-TAB-ETN,2026-09-28,verificado,Tabulado Etnicidad 49; mismo tratamiento del no especificado.
discapacidad_autoads_2025,perfil,2025,% de quienes se consideran indígenas con discapacidad en la Ciudad de México,8.81,0.15,R-EIC-2025-TAB-ETN,2026-09-28,verificado,Tabulado Etnicidad 49.
afiliada_autoads_2025,perfil,2025,% de quienes se consideran indígenas afiliados a servicios de salud en la Ciudad de México,76.02,0.2,R-EIC-2025-TAB-ETN,2026-09-28,verificado,Tabulado Etnicidad 49.
